# This file was generated from the request 'https://toar-data.fz-juelich.de/api/v2/analysis/statistics/map/?daterange=2015-01-01T00:00:00,2015-12-31T23:59:59&variable_id=3&statistics=median,p75,p90,p95&format=csv' received at 2024-11-15 14:58:58.911098+00:00
lat,lon,value
50.754704,6.093923,11.71058110000002
50.773131,6.095775,139.77426467500004
51.314248,9.483397,31.7731758141998
51.154843,9.031754,1.1796631652652814
50.584108,8.668579,107.0245810921928
50.807018,8.769396,167.3904548831091
49.643238,8.642,82.76335669186511
52.401352,13.059945,14.214664960000052
53.064262,14.285139,5.1196207
52.146264,14.638166,10.65017415
51.756476,14.327998,64.87806257000001
52.337336,14.538595,81.45488925
52.93189,12.809481,41.03514305
52.409309,12.548376,65.50227944000004
52.563835,14.015252,2.2691506
52.393932,13.037474,98.63348184
52.420442,12.552303,6.435407320000046
52.832467,13.822211,68.96534002
52.99875,11.73846,3.3836804
51.746344,14.33455,7.700679280000011
52.194225,12.561389,1.002275
51.897598,14.057064,4.6224923
52.608609,12.885194,6.907278390000005
52.677651,13.582269,54.24913665000004
52.388869,13.094618,91.7322171
52.484168,13.123698,9.514396120000049
51.5645,14.3764,4.4581192
52.349703,13.424304,13.722347480000012
52.33468,14.52596,5.983982660000023
52.542745,13.349119,29.686984590000005
52.486134,13.348416,23.65970365
52.398521,13.37071,6.99026676000001
52.473089,13.225856,8.577870360000052
52.489451,13.430844,23.6617082
52.636708,13.494857,11.361388490000063
52.44775,13.647013,6.1379321
52.463592,13.318308,92.50276612000005
52.653149,13.296353,7.895521540000013
52.467489,13.441809,148.70353265000006
52.513319,13.469314,79.9831486400003
52.485278,13.529574,22.30903786000001
52.506604,13.332839,95.71846523000004
52.513602,13.41883,25.13705700000006
52.438209,13.387636,124.11973145
49.07655,8.40666,46.50556
49.544,8.465965,41.69464
49.419576,8.676807,42.49646
49.300681,8.69993,19.24368
48.8088,9.229745,58.53286
49.16548,9.224881,97.82204
48.396819,9.979058,44.1001
48.57818,7.80232,38.48736
47.588152,7.633271,18.44186
48.899272,9.17288,51.31648
48.488887,9.20732,56.92922
48.850373,10.098309,44.82173800000044
47.808469,7.764349,1.60364
48.889028,8.665574,74.44898700000029
47.660553,9.486255,40.091
48.04842,8.463819,23.25278
48.67819,9.227587,93.81294
48.090185,9.799713,33.07507500000073
47.664428,9.169281,31.27098
49.634841,9.657919,18.44186
47.819182,7.567796,28.0637
48.773256,8.219629,24.85642
49.00793,8.3869,99.1049520000003
49.028711,8.3556,42.49646
48.001509,7.831787,29.66734
48.345404,9.207748,2.40546
49.492548,8.471011,92.2093
48.783801,9.179286,156.91617400000058
48.507319,9.050407,54.52376
48.648925,8.903303,16.0364
48.768659,9.184538,210.87866
48.788251,9.191389,308.9813370000003
48.801583,9.016748,132.3003
47.988535,7.859872,150.98270600000015
49.004225,8.524194,99.42568
48.489348,9.210745,208.1123810000001
49.14601,9.225862,207.67138
48.22915,8.39062,150.74215999999998
49.304889,10.572297,89.28506246000025
49.869422,9.171544,18.770205290000007
49.991518,9.117973,65.15950139000016
48.364589,10.895029,52.92052091000001
48.376576,10.88837,50.99013926000006
49.89833,10.887686,38.912324600000005
48.177175,12.829314,40.87437814000015
48.182835,12.781387,15.828728620000016
50.316103,11.904312,18.286306920000047
48.769444,11.428766,58.23217750000004
48.909518,11.879245,46.22492300000005
48.904228,11.948795,40.228111220000194
47.72514,10.306561,45.56422332
50.103135,11.442591,34.83587172000005
48.539801,12.157051,52.92012
47.554391,9.690021,35.03953400000002
48.137252,11.564924,109.23995680000004
48.154534,11.554669,56.2236184
48.853211,11.777818,9.352428480000023
48.397079,10.008293,52.91129998000002
49.44591,11.088444,72.22874742000063
49.462229,11.025473,48.71297046000002
49.019013,12.101855,106.3052956
49.321955,12.128139,27.6066626
50.048397,10.232076,33.93021603000001
49.438464,12.548869,1.6196764
49.67895,12.159361,40.95215468000007
48.021657,12.538174,39.1167887
48.173194,11.648036,43.5949534
48.326013,10.903051,31.506715080000184
47.968753,11.220172,4.007496360000023
48.370371,10.896821,103.26439325000004
49.943637,11.570088,65.72799177000026
49.605914,10.963528,30.98473026000005
48.149606,11.536513,230.16684101000007
48.573629,13.422039,100.43597320000002
49.790526,9.947654,108.28098008000016
49.440478,11.036096,177.24591919000014
47.648459,12.188324,102.94166070000004
47.518013,10.404232,6.489129260000008
49.444516,10.316582,4.626902310000009
48.95218,10.59772,20.65728866000008
49.32273,11.02792,53.1277913800003
48.18169,11.46445,73.286348
53.088084,8.810043,16.275342360000007
53.060045,8.916966,18.95542571000001
53.180946,8.625456,17.004196740000005
53.562455,8.569405,18.42101268000001
53.078663,8.825173,107.91053924000002
53.585262,8.59876,149.30970857000003
53.1177,8.69506,11.222272720000015
49.872303,8.664619,37.45594659579759
50.101871,8.542052,65.07024579522701
50.125332,8.746343,71.4296996284589
50.134839,8.918083,49.74806797573187
50.010325,8.451527,62.7445438561546
50.567185,8.500619,71.19059335921183
50.050343,8.244949,59.3095564456488
51.291757,9.774588,1.17659045271133
50.16443,9.399441,1.5700187372433
49.653465,8.817251,2.235834392067763
50.804258,8.769324,44.17651887993421
50.970024,9.80026,21.044900435209037
50.077191,8.230316,136.24802289202322
50.770381,9.459402,1.721638668039164
49.869457,8.653745,193.33579491713715
50.124589,8.691911,108.038668793088
50.532965,8.684397,31.18866669669078
49.825165,8.516798,34.6507829428076
50.383217,8.060998,65.26135156681053
49.672507,9.001981,37.1156574399795
51.430897,8.928171,2.4114450747388423
51.312076,9.49112,96.68270585019089
51.360755,9.271233,1.9401091794978476
50.497711,9.935862,1.175164764232121
50.221941,8.446079,1.6033844471368803
50.550028,9.684854,115.78528432164434
50.072119,8.228865,137.5401281223495
50.101494,8.784892,106.92913005959124
50.386426,8.059909,207.5757478891804
53.56414,9.967882,27.626708100000027
53.523262,10.021227,55.28588991000002
53.52902,10.081685,30.78026616
53.560632,9.957236,110.416707832
53.63074,10.110595,15.193206088000007
53.480927,9.857223,10.63622248200001
53.50793,9.990569,29.96112684800003
53.564399,9.94458,123.9373174
53.592301,10.053859,210.358840094
53.555668,9.943012,156.667008435
53.545269,9.944815,38.10505222400002
53.529158,9.981599,82.74974836800001
53.817775,12.064708,1.683822
54.161555,12.174105,4.867047400000057
53.520456,14.257407,2.00455
53.302352,11.362965,2.164914
53.78175,12.175512,6.334378
54.092278,12.141994,106.722242
54.17133,12.080003,9.942568
54.09262,12.099553,51.41269840000005
53.396348,12.463929,1.683822
54.31923,13.08101,38.070413600000016
54.323514,13.342138,1.042366
54.17729,12.09792,43.057734
52.22694,10.47364,6.166425575520009
51.90158,10.48132,6.0758335464600455
52.44081,10.81638,17.956983169054034
51.50758,10.23854,8.514141706400002
53.36235,7.20726,9.596261942000003
53.59617,8.09059,4.42671110878
52.25534,8.05286,14.427276112474074
52.17017,9.06255,10.598937852000036
51.55107,9.94976,10.712560196101
52.49855,7.31747,12.090564239456002
52.3595,9.71577,108.862655106988
51.75816,10.61248,0.6678361987280004
52.82943,9.62295,7.7544767113530035
52.99796,7.94257,9.072092162500011
52.36292,9.70612,12.461726076000032
53.7153,7.21398,2.15959953704
53.83017,8.80122,6.306094400865006
52.95702,11.16705,6.718580476660004
53.24696,10.4565,13.82104342361801
53.52418,9.68503,8.775807645200032
52.2703,8.04147,129.37398137628105
51.5302,9.92833,112.669259194451
52.15369,10.45591,10.895046089173007
52.26673,10.54055,92.82870835546004
51.70884,9.55462,1.553014688840001
53.142836,8.212084,164.23775126054198
52.427886,10.793683,80.15999653574201
51.641383,7.331405,29.327528684000065
51.592206,7.569838,41.26566630000012
51.536911,7.457463,41.512426405000014
51.547495,7.693835,25.04961852900005
51.525963,6.976908,36.024609961
51.533646,7.101786,60.35523649600003
51.496527,6.981045,36.95997308200005
51.403005,7.208572,23.976222095000047
51.524022,6.748402,35.282565642
51.45346,6.865107,31.534578325000037
51.451177,7.030603,55.07380852000004
51.019345,6.884636,35.88906229000011
50.876121,6.873789,24.33299190400001
50.889814,6.985164,55.23617707000014
50.75364,7.082676,41.72943898800005
50.653236,6.281069,1.2398542660000111
50.930328,8.191932,1.0019943630000003
51.326943,6.195868,38.160016985000006
52.023169,8.548389,42.34090692000005
51.570662,8.148061,10.143423910000076
51.249211,6.732383,29.317586116000022
51.303919,6.819967,30.203517034
51.028879,7.005063,46.16522750100005
51.183773,7.052634,16.400907372000013
51.862,6.874554,22.36035434000001
51.21311,6.782565,119.30167525200004
51.936547,7.611581,20.654161562000013
51.437708,6.771801,57.259008566000034
51.277647,7.231895,22.007713904000006
51.342561,6.670195,38.72044907400004
51.362829,7.46353,189.215407968
51.477931,7.005278,129.110339312
51.523567,7.483597,117.07903021200006
51.448762,7.582295,35.633602438000075
51.443012,8.360714,24.167015164
51.474971,6.863657,133.68825042000003
51.260681,7.147401,136.74599099000005
52.005624,8.552804,87.656325494
51.527883,7.084597,147.070024855
50.962857,7.00459,231.56481418000016
50.947367,6.957701,68.58656025200003
51.406968,6.965643,35.09814704200004
51.169437,6.439975,57.046125356000005
51.953267,7.619387,91.937402838
51.033834,6.451483,17.624645056000023
51.097638,6.469463,16.586929612000006
51.485492,6.735431,47.81898125100005
51.031473,7.010934,131.72391169300005
49.515052,8.402374,39.377343986601616
49.455378,8.425833,66.79079789333029
50.017078,8.216498,48.37369746109164
49.994975,8.273965,82.35450630528888
50.000973,8.261277,158.69694273520156
50.009954,8.265563,103.61405655640372
49.423137,7.293522,2.2332893416203223
49.741035,7.193486,0.7998956480364
50.26632,6.380622,0.7998956480364
50.766751,7.972718,0.7998956480364
49.270263,7.826521,1.2160068803426007
49.446747,7.768869,37.31966236653105
49.754192,6.646762,66.0266366128522
50.424674,7.481394,44.29591357352253
49.842136,7.866208,49.65596009754284
49.629528,8.35533,48.89797464117331
50.355581,7.596583,63.12099342538529
49.052321,8.253547,30.13784369468214
49.536026,8.35656,57.27479933325392
50.424568,7.732456,1.6138308619866606
49.47869,8.443654,98.75654643085385
50.359605,7.592515,98.56357179084507
50.431398,7.460812,50.61921097558113
49.783942,6.690488,34.211141535660595
49.351143,8.423005,79.46796225934322
49.191996,7.614573,20.22676746744553
49.357861,6.73354,21.257851840000036
49.244247,6.948776,50.5106509
49.237227,7.036322,10.186722190000006
49.233464,6.987601,62.307828560000026
49.322646,6.753639,47.227198
49.254344,6.867744,21.884474170000004
49.416884,6.552037,2.838843710000009
49.23074,7.003174,95.99549404000004
50.570872,12.997278,37.179792035000034
51.175669,14.443771,17.382655779999997
51.125431,12.494156,55.87963762
50.9163,13.346826,31.52643985200002
51.155801,14.973958,58.26200520400005
50.354723,12.468952,12.912509279999998
51.344164,12.377163,119.91097827000016
50.892377,14.822846,7.427058205000007
51.119514,13.675005,5.767892170000002
50.731478,13.75145,2.224890136000002
51.317905,12.297411,10.875726116000012
51.06493,13.741397,50.28990985400005
50.659097,13.465078,1.7914663350000013
50.486138,12.138054,75.03271196
51.303772,13.009406,1.7353790260000008
51.335872,12.334686,87.70090668600001
51.285356,14.749731,2.4765413430000027
50.84574,12.903367,96.62460201200004
51.026294,13.731608,164.62888058
50.720405,12.486621,50.15203690500003
51.036105,13.730205,16.091805762000032
50.608136,12.211112,3.4460219050000003
52.268369,11.864795,11.157906619500006
51.83936,10.790175,11.425734545
51.651165,12.302901,16.055046324100005
51.803567,11.738975,34.230557756500005
51.798629,10.618275,1.6522254810800006
51.897017,11.057461,14.52662305375
51.496188,11.979073,22.33758666110004
51.870852,12.66369,8.6190959353
52.127906,11.611456,20.597709424900025
52.593169,11.172351,1.9638015076000008
51.321381,12.032136,11.000565881810004
51.867464,12.598325,131.696288994
51.759554,11.449438,105.56120664
51.662452,11.043383,0.8569831513135009
51.494756,11.981314,153.63675024550002
52.120905,11.632755,84.54858142425
51.837055,11.891655,3.744047373975002
52.602056,11.850274,5.792154441380003
51.197249,11.96096,40.54412451840001
50.651182,11.368875,27.4696024759795
50.877317,12.07471,23.007867398931182
50.987758,12.437621,19.5941275545184
50.978292,10.317236,17.323246558803703
51.497195,10.791404,28.59770170636275
50.979455,11.037924,33.87436193555889
50.561754,10.375299,5.757810651805839
50.499955,11.134593,2.123334368249892
50.655861,12.205199,22.45133682974178
50.933513,11.597062,30.324740392758656
51.333333,10.867188,1.000190308091
50.984874,11.019353,115.3764486187977
50.791616,11.661233,1.000190308091
50.61153,10.693092,95.83095379140016
50.977462,11.32607,52.03098816604546
51.205466,10.448476,95.59588959058593
50.982544,11.3204,45.22534332715099
51.207944,10.450997,29.3144026580722
54.92497,8.30821,1.9724772
47.91326,7.90803,0.681547
52.80077,10.75673,1.9596480800000045
54.43667,12.72528,1.1706572
50.65389,10.76944,1.0984934
53.1413,13.03166,0.8980384
48.947611,13.420573,0.6735287999999999
51.462734,13.526796,9.402542230000012
52.481806,13.433662,112.57833437
53.124561,8.735047,19.30862742000002
53.631805,11.398332,23.894236
54.093233,10.240623,2.577049480000001
54.78143,9.43809,93.92752007800011
53.835492,10.695936,6.307917940000007
54.304676,10.135158,132.18660192400012
53.681993,9.997256,137.50439243700015
53.896117,9.156908,27.660344449
54.304242,10.122364,352.0820485520001
53.862237,10.67332,47.22904218600002
53.87453,10.664881,75.05331873400011
50.826001,12.542056,38.51101369000001
49.107256,9.733632,37.68554
53.487669,10.083646,6.043156976000046
53.559784,13.26644,30.87007
50.832461,12.917336,30.10501344700029
49.998837,8.268996,92.13205006811415
51.475183,11.983415,84.94786773874999
51.672809,6.629576,23.09594400800001
53.638291,9.998009,27.485748144
53.568124,9.786234,11.373536063000005
50.653245,10.668641,25.756352562638824
51.840583,12.244763,33.764235280900046
51.169967,6.458842,23.007743808
51.519639,7.464347,76.44327370400003
53.928028,9.511769,96.61594235600002
49.299373,7.061679,33.9530679
53.535958,9.84408,20.970960644000066
53.532075,9.832702,17.807901017000017
53.538531,10.102823,40.95884987700009
50.549297,9.682162,37.254815926138384
53.698939,10.775796,81.422615995
48.889192,9.189702,146.73306
52.131187,11.631291,70.87905584130002
51.61365,10.42275,38.95975858737801
51.543141,7.150186,143.80894273300007
54.309674,10.116563,9.56418914200002
51.208535,10.465835,106.36398741680593
51.75413,14.325549,47.27370356000002
47.483194,11.062283,24.149615670000017
54.053175,13.779314,24.0546
52.481882,13.84825,101.75817438000004
51.200511,6.761389,86.431986445
51.22760899999999,7.643094999999999,91.75346533000013
42.5096939994651,1.539138,93.01112
47.5654389994654,14.244676,87.35611793363515
48.1449999994665,16.4744444444444,24.23975262130827
48.2081499994666,16.3732536111111,28.781098328640827
47.339925999465045,16.207863,11.127022337240524
47.4587169994652,11.90995,30.05598276498684
46.6266166661308,14.2991444444444,71.4201075419946
47.8055555994659,13.043333,45.449537353249895
47.0943611105647,15.4151111111111,53.207662321949385
46.8191110994643,12.766025,26.565057232110306
48.10915319946645,17.0703159,9.77372932788312
47.959249999466145,16.205700000000004,15.0498467177228
47.047349999464615,16.079050000000002,42.37221099271507
47.7161111105768,13.6322222222222,21.736939080725005
48.7211111094678,15.94222222,2.1068185119626808
47.4475971994652,10.7441167,25.550233915888807
47.4885582994653,12.066633,75.59462512119119
47.8141666694659,16.255,23.774757190682745
48.2763888883668,15.935,0.1999979465635999
47.9719443994662,13.60083333,1.3991759
47.3480599994651,15.882222,0.5226121816080401
47.3824999994651,15.0891666666667,38.92682185840087
47.6669999994656,13.106,7.39992424535825
48.27328999946678,14.314789999999999,88.17954581478432
48.2489929994668,16.357079,13.5248122594208
48.2577777772445,13.0397222222222,34.68232089920026
48.19222999946662,14.519540000000001,1.2499872101226
48.2253499994667,14.23755,70.21557964025223
47.81564999946587,13.03488,38.999600582177
47.5291999994653,9.9267,1.09159777045096
47.6047222216877,15.6730555555556,40.7097139472672
48.0494444439108,14.4427777777778,28.181163886973785
47.1564829994648,9.822944,79.86147019867853
48.1202777794665,14.878333,35.3546407158061
46.84282999946436,14.52998,0.541228459909
47.1783333327981,14.6766666666667,24.81422827770471
46.93499999946445,13.194532999999998,19.64459
46.8713888883533,15.4958333333333,9.86516956784284
47.9719443994662,13.60083333,14.161744748592524
46.7083329994642,14.891667,13.986144443075888
48.37027799946701,15.545833330000002,4.44995467747184
47.9366669994661,13.0158333,2.949969868168
48.14419999946652,16.95787,8.699910940117201
48.16489999946657,14.0366,67.64293289894759
46.8349999994643,14.8436111111111,91.96614308805776
47.1288639994647,10.034324,57.999328410726
47.0447222216868,15.1527777777778,47.241724222143866
47.2157029994648,15.628392,58.01151610920426
48.1610363883555,16.3929202777778,31.505185466027
47.3513869994651,13.205556,65.049335892374
48.8786110994682,15.04666667,0.3999959011453999
48.3294449994669,16.0625,17.6998192410808
47.2699027994649,11.3746611,33.61810598735099
47.1541397801324,13.5050024868676,12.2498747522126
48.21159999946666,15.632499999999999,22.799767400036508
46.8138888883532,15.2127777777778,25.21600603256602
47.0541666994646,12.957777778,0.2074211367889202
48.1958349994666,16.143612,33.849654207866
48.2701583328001,16.2972633333333,3.7799873790968856
46.6786111105753,12.9744444444444,0.7030761789079802
47.282859999465,15.971852,1.0965240739526
48.0861110994664,16.3022222,28.67720589544305
48.3917199994671,13.67114,4.790523127642335
47.67027777946561,15.860277778,1.8999806687546
48.30245999946686,16.31395,19.187303171839087
48.1061110994664,15.919444444,3.0999681637175995
47.8386110994659,14.441388889,0.5291377796461902
48.39289999946705,16.522,5.0999477015174
48.162069443911,16.5256138888889,7.773296722895036
47.0416679994646,15.433056,139.0278831300078
48.3347199994669,16.729445,4.9499494059678
47.1258333327981,13.8083333333333,40.6495829477524
48.4086099994671,15.619166,26.08723345684485
48.21274999946666,15.205000000000002,19.6997980091334
47.4101639994652,9.653713,39.811165597765466
47.2712899994649,11.4169445,170.3517627426596
48.8786110994682,15.04666667,2.1999774442724
48.3917199994671,13.67114,0.400935898786
47.8055555994659,13.043333,92.1490558316104
47.5291999994653,9.9267,0.0709610619818
46.7674999994643,15.956111,2.195658561115403
48.5311111094674,14.574722222222,1.7960766155814
48.2577777772445,13.0397222222222,2.6820877316178
47.0591699994646,15.016667,1.4393775467499916
46.8013888883532,13.4938888888889,71.62557728143135
48.3061194439113,14.2975027777778,65.52472892465134
48.279749999466794,14.366499999999997,35.97726062737215
48.39289999946705,16.522,5.9999386053812
48.0502779994663,16.675278,4.9499494059678
47.7702799994658,16.76639,2.4354152270564478
48.21274999946666,15.205000000000002,1.7499819963496
47.282859999465,15.971852,48.99082332927952
48.0451111105774,14.7722777777778,0.6499933624136
48.0451111105774,14.7722777777778,9.142406346174068
47.1541397801324,13.5050024868676,84.85663041898587
48.2763888883668,15.935,5.399944669471999
47.3513869994651,13.205556,47.15451730272792
42.456622,27.420967,87.6709988
43.223044,27.587239,12.746532540000006
42.669797,23.268403,17.151731620000017
42.666508,23.400164,58.6210602
42.142889,24.765239,50.32302502000002
42.146475,25.875406,14.83206636
43.851367,25.964086,24.48036642000001
42.680558,23.296786,87.73594622000002
43.202935999999994,27.904428,11.641223670000002
42.637192,23.243864,1.764004
43.126475,25.691211,29.63045628000001
42.056383,25.59345,20.475275520000014
41.694342,24.738078,5.292012
43.4118,24.615006000000005,36.643174
43.207978,23.557414,11.423128630000004
42.659758,27.720956,70.17929550000001
42.432356,25.637389,50.46975808000007
42.001933,23.097822,21.58138621000001
43.224389,27.915733,14.241525930000012
42.732292,23.310972,2.1809504
42.518892,27.375144,7.227605480000011
42.60995,23.036928,59.33949092000004
42.152642,24.750764,87.79006907000007
46.8130974472165,6.94448020280301,9.483465913500003
47.3776165600282,8.53041092115182,51.38650294060002
46.0111113455841,8.95717356317848,9.384260734
46.1389884894636,7.14833307,44.415535988
47.5659149811546,7.58207744201252,27.306541374
47.4029160301617,8.61339728709878,66.21474862830001
46.5220101907476,6.63969979320694,52.81377060430009
46.16029999946364,8.933940000000002,61.128190976
46.1625727389095,6.00518377542195,20.34514013400001
47.5670060049929,7.59470775490724,107.64880514650004
47.5410842894654,7.5832696,15.939459962
47.0495154343676,6.97920907168707,1.1755523111000008
47.500199999465295,8.731839999999998,44.63114538600002
46.96309999946451,7.46252,5.511550316
46.0258957256916,8.96752215525154,56.08919327700001
47.4387321494652,8.57011986,84.19244304850001
46.1956009059889,6.21124831844613,61.68151092160004
47.0673852211321,8.46333371888661,1.375482119
47.4781951524703,8.36436632403517,3.070248962
47.3709449794651,8.52354145,96.3455285610001
46.9510019036189,7.44087126250177,90.82231978220004
47.479773705802,8.90467601797453,14.28700115130006
47.3709449794651,8.52354145,77.3450004679818
46.949099999464494,7.449579999999999,26.003203009500005
46.54229999946399,6.662929999999999,27.513811844
47.0676911584789,8.30067577039109,49.964230615500014
47.4387321494652,8.57011986,62.9554585659818
46.2310949338438,6.07417438924233,35.7504476575
46.2310949338438,6.07417438924233,39.463816396
47.3868011852188,8.53980729902371,71.80725069150068
49.0160865783691,14.0004444122314,8.499291999999999
49.0684356689453,13.6148014068604,1.363094
49.6723785400391,18.6430377960205,10.343478
49.4112319946289,14.6763887405395,38.246814
50.3724784851074,12.6153802871704,1.282912
50.76493835449219,15.053896903991697,21.84558590000002
50.1953620910644,15.8463764190674,51.71739
49.7686157226562,13.4233808517456,14.352578000000149
49.2027244567871,16.6162872314453,42.336096
49.9246788024902,18.422872543335,11.385844
49.8398475646973,18.2899761199951,78.818906
49.9449882507324,17.9095306396484,9.62184
50.0622978210449,14.5378198623657,87.62288960000008
49.7489585876465,18.6097259521484,25.337512
48.7917671203613,16.7244968414307,3.367644
48.9843864440918,14.4656839370728,21.496794200000032
49.7473297119141,13.3810386657715,35.27607090000013
50.6831245422363,13.9978733062744,103.22630680000012
49.856258392334,18.2697410583496,33.1162244024
50.3019828796387,15.1783027648926,7.673417400000021
49.9579277038574,14.0583000183105,96.539128
49.1489715576172,16.696216583252,16.637765000000073
50.4286460876465,14.9138593673706,29.266430000000145
50.0421981811523,15.7394142150879,24.816329000000145
49.0679512023926,17.4668483734131,71.89438848000017
50.1674118041992,14.1060476303101,23.012234
50.3765869140625,13.3276224136353,8.41911
49.5026092529297,18.5385608673096,0.8820020000000001
49.7283935546875,13.3755397796631,21.861622300000043
50.1221885681152,14.4675779342651,24.45551
50.585765838623,13.6734180450439,10.503842
50.0814819335937,14.4426918029785,24.45551
50.7894439697266,14.0867986679077,3.287462
49.7771415710449,17.5419464111328,1.122548
48.8429565429688,16.0601272583008,17.79639490000006
50.0073051452637,14.44593334198,12.740919800000116
50.458854675293,14.1701622009277,18.04095
50.7741508483887,14.2187938690186,38.326996
50.7551002502441,15.0699672698975,12.508392
49.7459907531738,13.3207483291626,12.508392
49.6717910766602,18.3510704040527,21.506736768000017
50.6835250854492,14.0411949157715,6.81547
49.7701263427734,13.368221282959,14.43276
50.5408973693848,14.1194086074829,14.593124
50.1728248596191,12.6728181838989,10.503842
49.7589950561523,16.6667213439941,44.44889170000003
49.8637962341309,18.5514526367188,17.634395187200003
50.6610946655273,14.0430631637573,50.181904700000025
49.6014633178711,17.238073348999,45.24846660400007
49.8252944946289,18.1592750549316,15.795854
49.4015960693359,15.6102457046509,11.546208
49.1980895996094,16.5936431884766,104.557328
50.3505630493164,16.32272720336914,2.726188
50.1110801696777,14.5030956268311,74.16835
50.09423828125,14.4420490264893,46.665924
50.0843849182129,14.3801164627075,24.936602
49.2329063415527,17.6671752929688,12.720874300000045
50.04200363159179,14.41182613372803,48.91102
49.5733947753906,15.0802783966064,1.20273
50.0880661010742,14.429220199585,61.178866
50.0723876953125,14.4306726455688,124.2821
49.7960395812988,18.2471809387207,21.007684
49.7324485778809,13.4022808074951,33.52810330000004
49.259391784668,17.4105606079102,6.174014
50.1265296936035,14.3846387863159,16.930429300000043
49.758121490478516,16.65180206298828,15.475126
50.09746170043945,14.352566719055176,38.48736
50.0731353759766,14.3981409072876,115.47811640000006
49.8391876220703,18.2636890411377,22.520718340000005
50.2422409057617,17.1901798248291,1.523458
49.7220001220703,13.618537902832,7.308589300000043
49.7209358215332,18.0893058776855,11.959305664000045
50.1438598632812,14.1017837524414,12.985474900000003
50.5103645324707,13.6452722549438,45.67166720000018
49.684944152832,14.007740020752,22.483032800000043
53.180946,8.625456,17.004196740000005
47.554391,9.690021,35.070003160000006
50.977462,11.32607,52.03098816604546
49.872303,8.664619,37.41763973389877
50.26632,6.380622,0.7998956480364
52.349703,13.424304,13.733572960000023
53.480927,9.857223,10.654624251000016
52.481806,13.433662,112.47129140000008
49.643238,8.642,82.74917166297409
51.154843,9.031754,1.1796631652652814
52.485278,13.529574,22.309438770000003
50.354723,12.468952,12.912509279999998
52.15369,10.45591,10.895046089173007
49.14601,9.225862,207.67138
48.768659,9.184538,210.87866
49.544,8.465965,41.654549000000586
52.513602,13.41883,25.13705700000006
50.832461,12.917336,30.10501344700029
47.588152,7.633271,18.44186
51.5645,14.3764,4.452907370000003
51.5302,9.92833,112.669259194451
52.2703,8.04147,129.37398137628105
54.17133,12.080003,9.942568
53.1177,8.69506,11.22548
54.92497,8.30821,1.9724772
50.933513,11.597062,30.292294924462706
50.877317,12.07471,23.007867398931182
49.419576,8.676807,42.49646
48.137252,11.564924,109.23995680000004
51.321381,12.032136,11.000565881810004
53.559784,13.26644,30.87007
48.376576,10.88837,51.16253056000002
49.233464,6.987601,62.307828560000026
49.052321,8.253547,30.204845448884164
53.638291,9.998009,27.496051531000003
53.520456,14.257407,2.00455
50.653245,10.668641,25.756352562638824
48.8088,9.229745,58.53286
47.648459,12.188324,102.94166070000004
53.142836,8.212084,164.23775126054198
51.175669,14.443771,17.382655779999997
48.149606,11.536513,230.16684101000007
51.033834,6.451483,2.08793928
47.968753,11.220172,4.007496360000023
51.036105,13.730205,16.061577148000033
52.33468,14.52596,6.002424520000047
51.897017,11.057461,14.55159172855
50.072119,8.228865,137.5401281223495
53.060045,8.916966,18.95542571000001
53.088084,8.810043,16.267725070000004
51.314248,9.483397,31.7731758141998
51.837055,11.891655,0.058216862738
53.817775,12.064708,1.683822
51.406968,6.965643,35.103198508000055
49.438464,12.548869,1.6196764
53.523262,10.021227,55.28588991000002
50.431398,7.460812,50.62393146832601
50.134839,8.918083,49.74806797573187
50.608136,12.211112,3.4460219050000003
51.568055,6.990945,54.5357873
52.563835,14.015252,2.2691506
53.681993,9.997256,137.68981331200027
52.409309,12.548376,65.57043414000016
49.299373,7.061679,33.9530679
53.83017,8.80122,6.306094400865006
47.808469,7.764349,1.60364
52.486134,13.348416,23.6857628
48.773256,8.219629,24.85642
49.244247,6.948776,50.5106509
49.536026,8.35656,57.25790918899437
51.155801,14.973958,58.26200520400005
54.323514,13.342138,1.042366
51.360755,9.271233,1.9401091794978476
51.75816,10.61248,0.09862626546
48.326013,10.903051,31.715188280000014
49.67895,12.159361,40.918478240000006
54.304676,10.135158,132.18660192400012
52.438209,13.387636,124.041554
53.064262,14.285139,5.131648
51.798629,10.618275,1.6522852166700006
51.197249,11.96096,40.54412451840001
53.928028,9.511769,96.61594235600002
51.50758,10.23854,8.513869087600002
48.889028,8.665574,74.56926
51.870852,12.66369,8.5392787634
49.842136,7.866208,49.65596009754284
49.943637,11.570088,65.72799177000026
48.090185,9.799713,33.07507500000073
53.532075,9.832702,17.806337468000013
49.270263,7.826521,1.2160068803426007
49.321955,12.128139,27.6066626
50.970024,9.80026,21.044900435209037
50.017078,8.216498,48.28918526104718
53.52902,10.081685,30.78026616
53.535958,9.84408,20.970960644000066
52.602056,11.850274,12.1809687949818
53.36235,7.20726,9.596261942000003
51.462734,13.526796,9.394524030000012
51.291757,9.774588,1.17659045271133
50.962857,7.00459,231.55599416
52.513319,13.469314,79.9831486400003
52.653149,13.296353,7.895521540000013
54.092278,12.141994,106.722242
50.532965,8.684397,31.18866669669078
50.16443,9.399441,1.5700187372433
53.396348,12.463929,1.683822
47.660553,9.486255,40.091
52.80077,10.75673,1.9596480800000045
48.769444,11.428766,58.23217750000004
49.994975,8.273965,82.27084778616016
48.021657,12.538174,39.2571072
52.99796,7.94257,9.072833846000002
51.475183,11.983415,84.94786773874999
51.527883,7.084597,147.070024855
48.783801,9.179286,156.91617400000058
51.485492,6.735431,47.81898125100005
51.362829,7.46353,189.215407968
49.00793,8.3869,99.1049520000003
48.397079,10.008293,53.01473476000032
52.93189,12.809481,40.973002
53.24696,10.4565,13.82104342361801
52.337336,14.538595,81.45488925
48.889192,9.189702,146.73306
49.300681,8.69993,19.24368
50.103135,11.442591,34.83587172000005
50.050343,8.244949,59.3095564456488
49.629528,8.35533,48.89797464117331
49.423137,7.293522,2.2332893416203223
52.636708,13.494857,11.413506790000008
49.07655,8.40666,46.50556
52.120905,11.632755,84.54858142425
50.424674,7.481394,44.29591357352253
50.804258,8.769324,44.17651887993421
53.78175,12.175512,6.334378
50.561754,10.375299,5.757810651805839
49.634841,9.657919,18.44186
49.304889,10.572297,89.28506246000025
50.383217,8.060998,65.26135156681053
48.801583,9.016748,132.3003
50.61153,10.693092,95.83095379140016
50.101871,8.542052,64.92827253599478
54.304242,10.122364,352.0820485520001
51.344164,12.377163,119.91097827000016
50.570872,12.997278,37.23840507700012
50.124589,8.691911,108.038668793088
49.107256,9.733632,37.68554
48.947611,13.420573,0.6735287999999999
50.567185,8.500619,71.19059335921183
49.653465,8.817251,2.235834392067763
50.978292,10.317236,17.33818601492085
48.04842,8.463819,23.25278
54.17729,12.09792,43.057734
52.481882,13.84825,101.75536801000004
53.585262,8.59876,149.30970857000003
51.026294,13.731608,164.62888058
51.497195,10.791404,28.59770170636275
52.542745,13.349119,29.69861098000001
50.655861,12.205199,22.41449952710157
51.662452,11.043383,0.065184598356
50.731478,13.75145,2.224890136000002
49.741035,7.193486,0.7998956480364
48.507319,9.050407,54.52376
53.7153,7.21398,2.15959953704
49.89833,10.887686,38.912324600000005
52.49855,7.31747,12.090564239456002
49.32273,11.02792,53.1277913800003
51.303772,13.009406,1.7353790260000008
53.529158,9.981599,82.74221125999999
52.194225,12.561389,1.002275
48.396819,9.979058,44.1001
52.3595,9.71577,108.862655106988
53.555668,9.943012,156.667008435
52.44775,13.647013,6.1379321
51.430897,8.928171,2.4114450747388423
47.91326,7.90803,0.681547
52.127906,11.611456,20.65945758310001
47.72514,10.306561,45.637990760000015
48.850373,10.098309,44.90192
49.254344,6.867744,21.884474170000004
51.333333,10.867188,1.000190308091
50.984874,11.019353,115.60161486327306
54.78143,9.43809,93.92752007800011
50.65389,10.76944,1.0984934
53.564399,9.94458,123.9373174
54.31923,13.08101,38.070413600000016
50.424568,7.732456,1.6138308619866606
53.835492,10.695936,6.322430882
52.99875,11.73846,3.3836804
53.52418,9.68503,8.773490385400025
52.25534,8.05286,14.46651686254601
53.078663,8.825173,107.91053924000002
49.783942,6.690488,34.219261620923426
49.322646,6.753639,47.227198
50.892377,14.822846,7.427058205000007
48.573629,13.422039,100.43597320000002
50.009954,8.265563,103.52748921472464
49.790526,9.947654,108.28098008000016
54.09262,12.099553,51.41269840000005
48.489348,9.210745,208.4732
49.416884,6.552037,2.838843710000009
51.746344,14.33455,7.692661080000011
50.791616,11.661233,1.000190308091
51.83936,10.790175,11.438804211
53.63074,10.110595,15.215015592000064
49.191996,7.614573,20.22676746744553
51.840583,12.244763,33.81792715265004
51.06493,13.741397,50.26088397000001
49.991518,9.117973,65.15950139000016
50.770381,9.459402,1.7263272703981607
52.427886,10.793683,80.15999653574201
53.1413,13.03166,0.8980384
51.759554,11.449438,105.56120664
51.285356,14.749731,2.4765413430000027
48.345404,9.207748,2.40546
51.523567,7.483597,117.07903021200006
51.519639,7.464347,76.44327370400003
52.489451,13.430844,23.6617082
48.182835,12.781387,15.828728620000016
52.82943,9.62295,7.7544767113530035
49.515052,8.402374,39.377343986601616
50.486138,12.138054,75.03271196
52.677651,13.582269,54.28481764000004
52.393932,13.037474,98.63348184
50.125332,8.746343,71.4296996284589
52.22694,10.47364,6.165582060880006
52.95702,11.16705,6.71747957780002
53.56414,9.967882,27.709135196000105
48.67819,9.227587,93.81294
48.177175,12.829314,40.87437814000015
50.826001,12.542056,38.51101369000001
49.455378,8.425833,66.79079789333029
52.268369,11.864795,11.143098808195017
47.988535,7.859872,150.98270600000015
51.803567,11.738975,34.230557756500005
48.001509,7.831787,29.66734
51.22760899999999,7.643094999999999,91.75346533000013
53.560632,9.957236,110.416707832
51.897598,14.057064,4.6224923
52.506604,13.332839,95.81147635000008
50.807018,8.769396,167.39370505847452
52.484168,13.123698,9.543261640000036
50.000973,8.261277,158.69694273520156
53.302352,11.362965,2.164914
48.539801,12.157051,52.92012
53.862237,10.67332,47.25381842400011
48.488887,9.20732,56.92922
52.17017,9.06255,10.598937852000036
50.101494,8.784892,106.92913005959124
47.518013,10.404232,6.489129260000008
50.497711,9.935862,1.1760373929563217
51.651165,12.302901,16.055046324100005
49.462229,11.025473,48.71297046000002
50.766751,7.972718,0.7998956480364
52.146264,14.638166,10.65017415
50.355581,7.596583,63.12099342538529
50.221941,8.446079,1.6033844471368803
48.904228,11.948795,40.228111220000194
49.019013,12.101855,106.3052956
50.077191,8.230316,136.2098894585785
53.562455,8.569405,18.42101268000001
51.437708,6.771801,57.13288228000005
52.36292,9.70612,12.461726076000032
50.659097,13.465078,1.7914663350000013
53.592301,10.053859,210.358840094
52.593169,11.172351,0.55252053106
48.853211,11.777818,9.352428480000023
50.987758,12.437621,19.5941275545184
49.825165,8.516798,34.6507829428076
49.444516,10.316582,4.634920510000009
50.979455,11.037924,33.87436193555889
54.43667,12.72528,1.1706572
52.608609,12.885194,6.907278390000005
51.260681,7.147401,136.71913002000002
49.672507,9.001981,37.1156574399795
48.154534,11.554669,56.2236184
49.446747,7.768869,37.37807376082379
48.899272,9.17288,51.31648
51.342561,6.670195,38.72044907400004
52.005624,8.552804,87.656325494
47.47706,11.05722,39.2811618
48.95218,10.59772,20.71341606000008
51.90158,10.48132,6.0758335464600455
51.756476,14.327998,64.87806257000001
54.093233,10.240623,2.587473140000017
47.819182,7.567796,28.0637
49.16548,9.224881,97.82204
51.207944,10.450997,29.3144026580722
53.59617,8.09059,4.426743983400002
49.869422,9.171544,18.76138527000002
51.125431,12.494156,55.87963762
50.982544,11.3204,45.33004417652102
48.173194,11.648036,43.63303985
50.947367,6.957701,68.550358079
51.169437,6.439975,57.046125356000005
51.867464,12.598325,131.696288994
52.26673,10.54055,92.82870835546004
50.651182,11.368875,27.4696024759795
50.359605,7.592515,98.56357179084507
52.44081,10.81638,17.95916415954504
51.474971,6.863657,133.66114890400002
53.545269,9.944815,38.10505222400002
51.031473,7.010934,131.72042377600002
49.23074,7.003174,95.99549404000004
49.351143,8.423005,79.46796225934322
49.754192,6.646762,66.0266366128522
50.584108,8.668579,107.0245810921928
48.520319,9.057975,145.12941999999998
52.131187,11.631291,70.88116262335002
47.483194,11.062283,24.1508184
52.473089,13.225856,8.577870360000052
50.048397,10.232076,33.93021603000001
50.316103,11.904312,18.286306920000047
52.388869,13.094618,91.7322171
49.605914,10.963528,30.98473026000005
53.87453,10.664881,75.05331873400011
48.22915,8.39062,150.74215999999998
48.909518,11.879245,46.22492300000005
54.309674,10.116563,9.64340895800006
54.053175,13.779314,24.0546
49.357861,6.73354,21.257851840000036
50.386426,8.059909,207.56659381012105
53.896117,9.156908,27.660344449
50.720405,12.486621,50.15203690500003
51.61365,10.42275,38.95884463285101
52.832467,13.822211,68.9645382
51.953267,7.619387,91.81881366000006
52.401352,13.059945,14.26758508000007
47.664428,9.169281,31.27098
54.161555,12.174105,4.867047400000057
50.010325,8.451527,62.7445438561546
49.004225,8.524194,99.42568
48.57818,7.80232,38.48736
50.84574,12.903367,96.6371104040001
51.205466,10.448476,95.47696609373688
52.420442,12.552303,6.472691950000058
48.364589,10.895029,52.92052091000001
51.451177,7.030603,55.06258304
53.124561,8.735047,19.3158438
52.463592,13.318308,92.58134448000008
53.568124,9.786234,11.373536063000005
50.549297,9.682162,37.26179251625454
52.398521,13.37071,6.99026676000001
48.788251,9.191389,308.9813370000003
53.538531,10.102823,40.95884987700009
49.44591,11.088444,72.60279645000006
53.698939,10.775796,81.422615995
51.208535,10.465835,106.3669127580512
51.335872,12.334686,87.70090668600001
51.496188,11.979073,22.294035807800014
49.492548,8.471011,92.2093
53.50793,9.990569,30.009396412000054
50.773131,6.095775,139.77426467500004
49.237227,7.036322,10.178703990000006
49.47869,8.443654,98.75654643085385
49.440478,11.036096,177.24591919000014
51.119514,13.675005,5.767892170000002
51.312076,9.49112,96.68270585019089
51.55107,9.94976,10.712560196101
50.550028,9.684854,115.78528432164434
51.70884,9.55462,1.553014688840001
49.028711,8.3556,42.49646
51.200511,6.761389,86.431986445
48.648925,8.903303,16.0364
51.317905,12.297411,10.875726116000012
48.370371,10.896821,103.38025624
49.869457,8.653745,193.33579491713715
51.21311,6.782565,119.35090700000002
52.467489,13.441809,149.0010078700001
52.131742,11.631919,47.607220589
51.477931,7.005278,129.110339312
53.631805,11.398332,23.94234520000003
48.18169,11.46445,73.3905846
49.998837,8.268996,92.13205006811415
51.019345,6.884636,38.4031689
50.9163,13.346826,31.52643985200002
53.487669,10.083646,6.046324165000057
51.494756,11.981314,153.63675024550002
50.499955,11.134593,2.123334368249892
51.543141,7.150186,143.70258131000006
51.75413,14.325549,47.27370356000002
55.6983573815235,12.5533272748714,7.122967970000029
55.6319829648528,12.4633160834027,6.914294315
55.6942059493105,12.0888982729816,1.88507882
55.6743033303032,12.571113917497,109.16506681200003
57.0466523886598,9.93087546594131,6.6518987119818
56.1505584695037,10.2008419,0.6334378
56.2903769274682,8.42740110752183,6.577810552000002
57.052223209510366,9.917509080000002,65.891202231
43.5165879994638,-5.67065,35.96162700000029
36.5060199994861,-6.26857,16.0364
40.9608333294683,-5.63972222,12.82912
38.4291699994769,-6.395,2.0606774
37.2372199994823,-3.53417,1.7319312
37.3842499994816,-5.95962,65.14787500000072
39.4502777694729,-0.39638888,63.34378
39.7899499994717,3.07413,3.447826
40.3980555494698,-3.68666666,128.85247400000057
37.3983099994815,-5.95165,37.20444800000044
28.4579539995493,-16.26333,39.28918
28.3767129995501,-16.361928,16.83822
36.649629999999995,-5.6614,2.40546
41.6561111094667,-4.73388888,44.90192
42.44,-2.239,5.131648
40.3677,-4.3981,5.61274
41.7666666594664,-2.46666666,49.71284
43.5791699994637,-5.92726,85.79474
39.5469399994726,-4.35056,0.2962724900000058
36.9499999994838,-1.96148,6.41456
28.0990499995529,-17.12051,11.22548
42.3683181094653,1.776783258,8.0182
40.4216666594698,-3.68222222,114.66026
40.281505,-3.800946,79.09954300000044
40.7349999994689,-0.16944444,3.20728
28.4621729995492,-16.261895,18.44186
37.1355599994829,-3.61925,40.091
28.3934079995499,-16.3581,6.41456
36.2044199994878,-5.40471,12.82912
40.5461099994694,0.425,3.20728
41.6157948664667,0.615725897,36.88372
43.048109999999994,-2.19138,47.30738
40.691666659469,0.08472222,1.60364
28.4553749995493,-16.27675,8.0182
42.3083299994654,-1.80833,3.20728
41.5441046504669,0.829933196,9.62184
36.5109999994861,-4.863,47.30738
40.44950000000001,-3.4776,51.31648
40.033269999999995,-3.5914,20.0455
42.20289999999999,-8.747,44.06000900000058
40.3847222194699,-3.71861111,176.4004
41.7302802604665,1.825306423,47.30738
41.8460342084663,2.217575622,11.22548
37.2533599994822,-6.93514,20.0455
36.161739999488,-5.44255,23.25278
41.2190364604676,1.721248774,20.0455
42.5183333294651,-2.61944444,3.20728
40.3727777694699,-3.61194444,103.43478
41.6513899994666,-0.91611,43.93813236000002
28.9678699995441,-13.555856,7.21638
38.1081399994783,-4.9268,4.0091
41.3031125334674,1.991523957,12.82912
43.4677799994639,-3.79028,12.227755
43.306656999464,-5.689716,20.0455
40.4624999994696,-3.58055555,91.40748
28.6677119995471,-17.775553,20.84732
36.7295599994849,-4.46553,10.42366
42.0979101924658,1.848237224,12.82912
41.4439835604671,2.237875306,57.73104
39.427222219473,-0.78388888,12.0273
43.0088888794644,-9.11888888,2.40546
43.2644399994641,-4.06278,20.245955
38.9932299994746,1.30894,4.490192
43.532899999999984,-7.737700000000001,0.80182
39.6341666594723,-0.26583333,6.41456
42.6038888794649,-5.58722222,63.86496300000117
43.0413888794643,-5.08972222,1.60364
38.9349199994748,1.43181,5.051466
39.5586111094725,-1.28138888,2.40546
41.3938899994672,0.73472,0.4249646
36.6885499994851,-6.11724,20.0455
41.5776268914668,1.625893365,37.68554
41.3788028014672,2.133098078,40.89282
40.4783333294696,-3.71138888,165.97674
37.7844399994797,-3.81032,8.0182
28.0263169995537,-15.414657,11.02502500000073
41.1036778864679,1.200765062,20.84732
43.5388629994638,-5.698921,40.89282
40.4452777694697,-3.70638888,122.67846
42.421899999999994,-8.6569,58.53286
38.9064799994749,1.43537,7.136198
39.149999999474,-0.45777777,9.62184
39.5458799994726,2.69971,45.70374
38.7027199994757,-4.112,8.0182
43.355829999464,-4.06361,36.93383375000018
43.306899999464,-5.705672,16.83822
40.4461,-3.8689,37.88599500000073
37.1337899994828,-6.80745,7.21638
41.5491688934669,2.212050059,181.21132
41.976385750466,2.816547298,69.75834
41.2388899994676,-5.8975,0.4089282
43.298460000000006,-2.9303800000000004,44.90192
43.358289999464,-5.86643,50.51466
41.6702799994666,-0.87111,45.23226984000004
41.4153192904672,1.990521216,31.95252700000029
42.85607,-2.6677900000000005,62.54196
42.0747199994658,-1.62694,6.655106
43.4454,-7.9181,1.60364
41.4007707664672,1.999634718,59.33468
38.3511111094772,-0.51388888,6.41456
41.1173879334679,1.241649688,35.28008
40.6646,-3.7739,37.68554
39.5094444394727,-0.41777777,42.49646
43.168319999999994,-2.63794,41.69464
40.42,-3.749167,56.1274
40.35969999999999,-3.5429,100.2275
28.1337319995526,-15.432823,16.83822
43.47079999999998,-7.8398,0.80182
43.405919999999995,-2.7031799999999997,3.20728
38.7063888794757,-0.46694444,5.61274
37.3945199994816,-6.0031,81.78564
36.9230999994839,-2.46322,5.61274
43.4054,-7.988599999999999,0.80182
43.30939999999998,-2.0109,45.70374
43.30277777,-1.98444444,21.64914
36.1820999994879,-5.41141,20.0455
41.3987432504672,2.153385124,85.79474
43.335277769464,-8.47194444,8.82002
40.3947222194698,-3.73194444,101.83114
28.0036449995539,-15.411851,6.41456
42.88779999999999,-8.5311,26.46006
42.0513406864659,0.729555647,0.5612739999999999
28.1113729995528,-16.471625,3.20728
40.9466699994683,-0.29083,2.40546
37.1387999994828,-1.8422,1.60364
43.267500000000005,-1.9776999999999998,40.091
43.2549,-2.9023,36.88372
41.5986669004668,2.287117688,118.66936
40.63389999999999,-4.01425,100.2275
42.0747199994658,-1.62694,20.686956
38.7880555494754,-0.69722222,1.60364
43.298399999999994,-2.9871,36.88372
37.9755555494789,-1.23083333,36.0819
40.5697222194693,-6.22388888,3.20728
28.4593139995492,-16.270206,15.23458
43.14779999999999,-8.545,2.40546
40.31451799999999,-3.7168679999999994,169.18402
38.9666666594747,-0.19,13.63094
28.3372199995505,-16.39972,2.40546
40.909,-3.4679,0.80182
43.551199999999994,-5.9197,113.85844
42.34100000000001,-2.232,3.5280080000000003
38.9138199994749,1.41426,14.43276
36.7697199994847,-2.81097,35.28008
36.8649499994842,-2.3905,4.810919999999999
37.1856799994826,-6.96414,8.0182
40.5997,-3.5033,12.0273
43.1533299994642,-4.25306,1.162639
41.2448901424676,1.617704646,8.0182
39.4780555494728,-0.36833333,28.0637
36.7278499994849,-4.56095,4.810919999999999
41.5471597114669,2.443253787,24.0546
43.322,-1.9607,68.95652
40.38333,0.70917,3.20728
40.4097222194698,-3.68555555,63.34378
41.3214952094674,2.09772526,64.1456
43.4044399994639,-3.84194,20.54864205000012
42.8752,-3.2317,2.40546
43.3726749994639,-5.872797,29.66734
43.481501,-8.243116,22.45096
27.7725973595564,-15.54188043,12.0273
41.3705041074673,2.114973082,64.1456
42.8122199994646,-1.64,51.035843000001165
41.1935872404677,1.236702825,5.61274
37.3752499994817,-6.00558,42.49646
41.4256209034672,2.222244805,87.39838
36.1794299994879,-5.37697,18.44186
43.320519999999995,-3.07414,32.87462
38.887629999475,-7.01145,7.9131615800000255
40.33638999947,-1.10667,15.23458
39.9305555494713,-0.60333333,2.40546
36.6608599994853,-6.11449,11.22548
36.159369999488,-5.34836,38.48736
42.7205599994647,-8.92361,0.320728
43.4391699994639,-4.85,1.2508392
41.7793434514664,2.358018901,0.5612739999999999
41.2783810944675,1.179916582,10.42366
40.0622222194709,0.07277777,16.0364
43.32073999999999,-3.11272,8.0182
41.1120908514679,1.151824406,28.94570200000029
41.505559999467,-0.15194,8.0182
38.3402777694773,-0.50666666,32.87462
40.0541666594709,-0.46833333,2.40546
41.1549235434678,1.217717688,11.22548
36.173149999488,-5.34194,16.83822
42.352999999999994,-7.8779,63.34378
37.9936111094788,-1.14472222,72.1638
42.6347199994649,-7.70472,0.5452376
42.558611109465,-6.72555555,24.0546
39.8491699994716,-5.93972,5.4684124
41.2741699994675,-3.1425,0.2646006
43.35419999999999,-8.4249,32.87462
38.0847222194784,-0.85277777,4.810919999999999
41.476769364467,2.088977264,52.92012
37.5744444394807,-0.92666666,26.46006
43.5704499994637,-5.95828,36.88372
41.1594500574678,1.239703719,17.64004
40.34694443947,-3.705,231.72598
43.4605599994638,-3.80861,40.00079525000004
40.4941666594695,-3.66027777,78.57836
43.11599999999999,-8.351300000000002,3.20728
38.1379299994781,-4.90397,3.20728
27.8690699995553,-15.38715,1.60364
42.4577799994651,0.18194,5.61274
41.9161399994661,0.191101,13.63094
39.5700799994725,2.65583,56.1274
42.34000000000001,-2.059,8.82002
40.4649999994696,-3.60888888,54.52376
42.8981,-2.1731,29.643285400000057
43.2505555494641,-2.155,4.810919999999999
36.1856199994879,-5.48893,11.22548
43.212909999999994,-3.1344000000000003,13.63094
40.4747222194696,-3.575,78.57836
41.4507693384671,1.974887306,83.38928
42.0616,-7.4089,2.40546
42.6844444394648,-2.9175,24.85642
43.3824999994639,-3.22056,13.23003
41.5561153974668,2.007401267,76.1729
42.575277769465,-5.56638888,24.85642
28.976989999544,-13.547584,8.0182
43.1787999994641,-6.5527,12.82912
42.9536111094644,-9.18611111,3.20728
37.5550199994808,-6.03616,2.40546
39.834799999999994,3.1455000000000006,6.01365
36.7397499994849,-5.74372,3.20728
42.3508299994653,-3.67556,16.83822
41.6352799994667,-0.89361,22.62976586000001
43.2597222194641,-8.555,4.810919999999999
43.2411,-2.8837,44.1001
39.9452777694712,-0.05638888,66.55105999999999
40.4397222194697,-3.69027777,68.15469999999999
41.1507788944678,1.120171923,30.46916
37.1934199994825,-1.9854,4.0091
41.4038818504672,2.204522594,75.93235400000059
40.009439999471,3.85648,7.857836000000001
28.5027617395488,-13.85369942,4.810919999999999
40.6372222194692,-0.09111111,3.20728
40.4306,-3.5424000000000007,138.71486
41.7627799994664,-1.14333,35.28008
39.8748899994715,4.25862,17.64004
43.4015009994639,-5.80287,72.20389100000087
43.312999999999995,-7.6937,4.0091
42.1361099994657,-0.40389,20.84732
43.294116999464,-5.679632,30.46916
42.7036099994648,-4.82722,2.40546
37.1960999994825,-3.61266,128.2912
40.540351,-3.645253,89.80384
40.4080555494698,-3.64527777,90.72593300000116
42.0194444394659,-4.53833333,17.64004
37.9943499994788,-5.66687,2.40546
42.2223999994655,-8.711082,38.48736
43.346389999464,-4.06417,20.0455
40.5005555494695,-3.68972222,73.76744
41.509722219467,-5.74638888,12.82912
38.9792799994747,-1.85213,13.63094
42.8548,-2.6807,64.62669200000029
39.4727799994728,-6.36028,3.006424090000006
39.9819444394711,0.01055555,33.67644
28.090119999553,-17.1181,76.1729
41.6205555494667,-4.74666666,44.90192
40.33969999999999,-3.7544999999999997,140.83968300000043
40.479327999999995,-3.377949,99.42568
37.2601599994822,-6.92546,20.0455
40.4241666594698,-3.71222222,165.97674
36.2087899994878,-5.39138,8.82002
41.6663888794666,-4.715,44.90192
38.9347222194748,-0.44138888,4.810919999999999
41.3853432834672,2.15382196,114.66026
39.0827799994743,-1.10111,0.2806369999999999
43.45389999999999,-7.8478,3.20728
37.1997699994825,-6.92027,7.21638
37.9911111094788,-0.69,26.46006
43.5351849994638,-5.658337,48.91102
40.4658333294697,-3.68833333,95.41658
42.876,-8.5591,8.82002
37.6936111094801,-1.06472222,8.82002
43.30268000000001,-2.9772400000000006,54.52376
38.2422222194777,-0.68277777,10.42366
40.2694444394702,-0.07888888,4.810919999999999
28.38015999955,-16.36833,4.0091
41.5267059304669,2.183795315,114.66026
42.17600000000001,-1.744,4.41001
40.4191666594698,-3.70333333,116.2639
41.7236111094665,-2.85694444,1.60364
40.4166666594698,-0.24916666,2.40546
41.512675807467,2.125383709,94.61476
37.2525799994823,-6.94219,16.0364
28.1124859995528,-16.577577,4.810919999999999
41.47559999999999,1.9232,83.38928
43.4916,-8.2522,8.82002
40.9026929034684,0.809795431,3.20728
36.1904799994879,-5.43576,24.0546
36.1862099994879,-5.38081,14.43276
40.32419999999999,-3.8767700000000005,82.58746
37.8925999994792,-4.7801,84.35146400000058
42.8436111094645,-2.66138888,37.68554
27.898329999555,-15.48833,1.60364
40.7067087604689,0.581651482,12.22775500000073
28.9903099995439,-13.51655,12.909302000000292
41.3866389884672,2.057392493,18.44186
41.3134752074674,2.013824628,24.85642
28.0077379995539,-16.655913,7.21638
42.425932,-8.643995,35.28008
40.28759999999999,-3.2211000000000003,0.80182
43.0935,-8.4964,3.20728
41.3468230374673,1.686575492,19.24368
41.2022318394677,1.672200024,9.62184
42.4275,-8.6769,7.537108
41.6455555494667,-4.73027777,68.95652
43.1804,-2.2682,40.091
40.012777769471,-0.05722222,8.0182
41.3874846394672,2.115149666,42.49646
39.4811111094728,-0.44722222,34.47826
40.9555555494683,-4.11055555,8.82002
36.8413299994843,-2.44672,25.65824
43.0119399994643,-4.13556,10.82457
43.36709999999999,-8.420599,44.90192
39.5513888794725,-0.46083333,11.22548
39.8752799994714,4.31639,0.441001
36.522829999486,-6.22517,9.62184
36.8474499994843,-2.03819,3.20728
40.0519444394709,-0.18972222,23.012234000000586
41.9327777694661,-4.47,19.24368
41.6655555494666,-3.68888888,21.64914
39.5647222194725,-0.62555555,8.0182
42.542777769465,-6.58472222,16.83822
38.0929299994783,-3.78392,31.27098
37.6888888794802,-1.70111111,7.21638
40.4399999994697,-3.63916666,78.2576320000003
41.5611753964668,2.101405057,93.81294
38.9938899994746,-3.93778,19.24368
41.1158805254679,1.191975478,23.25278
36.707299999485,-4.446,60.1365
41.3217684044674,2.082140639,48.91102
28.0800069995531,-16.559855,7.21638
39.6776599994721,2.68665,1.122548
42.7952777694646,-4.84083333,12.0273
42.0032765034659,2.287271914,57.73104
42.3191699994654,3.31583,0.9060566
39.8396199994716,3.02705,3.768554
40.5547222194694,0.37277777,4.0091
38.4516666594768,-1.06472222,2.40546
42.46399999999999,-2.4280000000000004,24.85642
43.34295999999999,-5.98566,21.64914
37.2192499994824,-6.88858,7.21638
37.6030555494806,-0.97527777,40.89282
43.686268999999996,-7.507778000000001,4.0091
40.0618499994709,-2.12972,56.1274
40.9791666594682,-5.66527777,34.277805
38.9074999994749,-6.33806,4.568770360000009
43.1866,-8.471600000000002,2.40546
40.185241,-3.680265,68.15469999999999
28.1450929995525,-16.523687,3.20728
42.8027777694646,-5.62361111,12.82912
43.4208299994639,-3.84111,29.26643
39.5633199994725,2.62055,7.513053400000058
42.7152777694647,-7.44944444,16.83822
37.0519399994833,-6.55528,0.5933468
43.3774399994639,-8.43689,6.41456
39.7822222194718,-0.35916666,4.810919999999999
39.9627777694712,-0.23333333,8.82002
42.9519444394644,-3.47527777,2.40546
40.4516666594697,-3.67722222,96.98012900000056
42.7261111094647,-7.45194444,17.64004
41.492082862467,2.042497085,65.74924
41.3864139334672,2.187416735,76.97471999999999
28.5002549995488,-13.852395,12.82912
37.3613,-6.6769,19.24368
40.5709899994693,-3.26461,21.64914
40.3880555494699,-3.65138888,72.96562
43.2446,-8.3187,2.40546
43.1308,-2.078,70.60025100000087
37.2796399994821,-6.93807,16.83822
37.3424599994818,-5.83372,17.64004
39.6672222194722,-0.23472222,16.83822
42.3361099994653,-3.63611,29.66734
38.1147222194782,-1.86861111,4.0091
43.17702,-8.19442,1.60364
43.0642,-2.4904,42.49646
41.3921574584672,2.009802277,64.1456
38.4547222194768,-0.80333333,4.0091
40.5528194734694,0.529982528,4.0091
37.8926099994792,-4.76234,31.27098
28.0298519995536,-15.416086,9.62184
36.174699999488,-5.43277,20.0455
28.4754399995491,-16.25853,14.43276
28.6453959995473,-17.771554,23.25278
43.5378,-5.6461,57.73104
36.1362299994882,-5.45343,28.0637
37.2522299994822,-1.77083,7.21638
41.0095056884682,0.912875859,6.41456
41.6299999994667,-4.74055555,61.74014
39.9591666594712,-0.03611111,42.49646
43.5588499994638,-5.92748,83.38928
39.8909199994714,4.252975,21.64914
42.219,-8.7421,28.0637
39.6847222194721,-0.27888888,14.43276
28.0473319995535,-16.536049,17.64004
40.3419,-3.8336999999999994,63.34378
27.7636519995564,-15.563851,11.22548
41.3163888794674,-4.90916666,24.85642
28.1112659995528,-15.520924,2.40546
41.482016278467,2.188296656,108.84706500000074
42.8269399994646,-1.64944,42.58866930000004
40.0777799994708,-6.14722,7.524278880000012
37.2549699994822,-1.78174,42.49646
36.9967799994835,-1.89535,6.41456
43.3828,-8.4092,11.22548
28.685982999547,-17.764587,16.83822
27.897638999555,-15.445028,4.810919999999999
39.4802777694728,-0.33638888,43.29828
41.0082116794681,0.831084709,1.60364
36.4605899994864,-6.20307,14.43276
41.6890494414666,2.495746675,77.77654
27.801277999556,-15.461157,4.0091
40.2479,-4.2752,3.20728
42.8072199994646,-1.65139,48.76268330000004
43.5298619994638,-5.673498,60.05631800000044
43.2561199994641,-5.77594,22.45096
39.7473099994719,3.01488,2.80637
37.6033333294806,-0.91333333,9.62184
43.267500000000005,-2.9352,56.1274
37.7825499994797,-3.78157,30.46916
43.3665299994639,-5.83303,104.59741900000058
28.450269999999996,-16.27381,7.21638
37.1656799994827,-3.6001,65.10778400000058
40.780633333,-3.702147222,14.43276
41.3084024964674,1.647339954,28.86552
43.3674999994639,-4.04278,62.80255150000004
41.242375047,1.859334489,8.0182
39.708055549472,-0.83194444,1.60364
42.6255555494649,-6.52083333,8.0182
28.0725499995532,-16.653023,3.20728
39.4574999994729,-0.34277777,46.50556
38.4727799994767,-6.92361,0.3528007999999999
43.14406999999999,-2.96337,32.0728
41.4260771994671,2.147992032,33.67644
42.849,-2.3937,30.46916
42.78139999999999,-6.6039,1.60364
43.275634999464,-5.59599,17.64004
28.38053699955,-16.371986,4.810919999999999
39.6330999994723,2.63044,12.82912
40.300694400000005,-3.4588305599999996,41.69464
40.6647199994691,-4.70083,8.82002
40.1672199994705,-3.27667,22.45096
36.8950999994841,-2.04672,3.20728
36.2038799994878,-5.38371,16.0364
42.7155555494647,-5.63888888,10.42366
38.2591666594776,-0.7175,31.27098
28.0351199995536,-15.41631,16.83822
39.4561111094729,-0.37583333,72.1638
39.8922222194714,-0.065,15.23458
40.9395531964683,0.831336974,1.60364
39.48111111,-0.40833333,45.70374
39.705277769472,-0.33666666,4.0091
28.4983799995488,-13.86083,8.0182
43.5503059994638,-5.89886,48.1092
41.4473502534671,2.209511187,60.93832
28.107451999999995,-15.430123,16.0364
42.3083299994654,-1.80833,3.447826
42.2102777694656,-8.73694444,40.89282
39.8680599994715,-4.02083,45.70374
42.5805599994649,-1.2825,6.81547
37.2844899994821,-5.91384,16.83822
38.6819799994758,-4.08858,50.51466
39.9888888794711,-0.02611111,42.49646
28.5061599995488,-13.84898,3.20728
37.0160999994834,-6.57042,2.40546
36.7431199994849,-3.5173,8.82002
36.2120399994877,-5.43027,12.0273
40.5180555494695,-3.77444444,20.84732
43.3023,-8.506,22.45096
42.9979,-7.5509,16.83822
38.3594444394772,-0.47194444,40.89282
28.459870000000006,-16.26729,6.41456
38.5713888794763,-0.14666666,4.810919999999999
61.1889199995471,28.77012,8.0182
61.1889199995471,28.77012,13.63094
66.3216999996054,29.40157,0.1359360325169999
60.3143899995385,24.68486,41.24458484856015
61.2380699995476,28.87369,6.41456
61.1283799995465,28.83776,0.0
60.5300199995406,27.6754,0.3266262520656002
60.5300199995406,27.6754,0.620691973061602
62.58861,24.19195,0.2025973026759999
59.7792299995335,21.37395,0.6375178450336003
61.2380699995476,28.87369,6.41456
60.19366999953737,24.96395,21.13364190380001
60.2899499995383,25.03953,5.615214408501799
51.391127,-2.354155,141.9511017384001
54.894834,-2.945307,71.11650000063005
53.48152,-2.237881,55.613950553900025
57.15736,-2.094278,25.0026238588
51.632696,-3.947374,47.85758126671007
52.50385,-3.034178,0.8577685941400005
55.85917,-4.258889,236.00932569278012
53.819972,-1.576361,95.0351622442
50.725083,-3.532465,84.73696342051002
53.34633,-2.844333,17.921975948400007
53.37287,-3.022722,9.5413011901
53.76559,-2.680353,15.1661687176
57.144555,-2.106472,132.60126955156
53.74878,-0.341222,25.19431135801
53.41058,-1.396139,57.85436793420001
54.88361,-1.406878,12.670896859400036
51.601203,-2.977281,25.383315967500003
55.865782,-4.243631,40.28192376566011
53.04222,-3.002778,31.46020952
56.82266,-5.101102,27.05322719232
55.943197,-4.55973,39.06429835552007
51.27399,1.098061,8.48993275605
53.579283,-2.093786,62.99923473872004
54.334944,-0.80855,1.8039506724
51.45617,0.634889,5.403096142799999
53.58634,-0.636811,12.44436667300001
50.916932,-0.449548,49.40753901680002
52.554444,-0.772222,2.095381773240003
51.5210467476039,-0.213492139585065,31.7384923764804
54.986405,-1.595362,104.40789120296007
51.480499,-0.05955,117.34321667197014
51.47707,0.317969,29.414237498800027
53.747751,-2.452724,30.281936633640008
53.758971,-0.305749,58.38692996273005
53.951889,-1.075861,62.20284787104002
50.7937,0.18125,1.6713601135600005
53.365391,-2.73168,89.62816564801005
54.572586,-5.974944,142.0684521045
53.231722,-1.456944,35.19134017514002
52.20237,0.124456,92.57491709088002
51.584128,-0.125254,19.58184598136
51.751745,-1.257463,153.62641077659998
53.48481,-2.334139,46.12939576884009
51.05625,-2.68345,2.170777308750009
54.59965,-5.928833,34.33438302284001
51.374264,0.54797,35.963135223420004
51.49633,-0.460861,99.7989833374
52.132417,-0.300306,60.39956431288002
51.52253,-0.154611,281.18523600589043
53.56292,-1.510436,21.058816061400066
51.462839,-2.584482,29.994461311770035
51.48178,-3.17625,12.254023425020002
51.49467,-0.131931,42.73243161690008
52.28881,-1.533119,13.73415067131002
51.46603,0.184806,29.136769692350008
50.37167,-4.142361,17.3886654209
51.52253,-0.042155,85.86395350331003
50.840836,-0.147572,10.82816936998002
50.73957,-1.826744,6.800085479660001
52.512194,-1.830861,93.44591210683002
54.565819,-1.3159,24.6692150755
53.221373,-0.534189,123.30307296908016
52.411563,-1.560228,20.3841206133
52.605621,-2.030523,17.99863475132
50.792287,-3.196702,3.275011739950004
51.680579,-3.133508,246.80456992810005
52.95473,-1.146447,36.66029526246002
55.070033,-3.614233,81.69937058256
53.46008,-2.472056,18.35188256597012
51.57107799947746,-1.3252830000000002,2.4873226147200023
51.518167,0.439548,47.96264213767012
55.872038,-4.270936,56.692053671300016
52.437165,-1.829999,13.48763311686001
52.502436,-2.003497,80.49690999408
55.860936,-4.238214,53.27778784740004
52.614193,1.301976,5.22732918060001
51.522287,-0.125848,48.52444493796001
51.6538,-3.006953,5.61681966016001
54.569297,-1.220874,9.855768980450009
52.22174,-2.736665,4.693119011060002
53.02821,-2.175133,40.636796468540005
50.908158,-1.395776,35.7039300702
51.5993,-0.068218,67.68267698510999
51.58395,-3.770822,13.226993908570014
50.805786140485,0.271609212739733,4.677266227840011
52.638677,-1.124228,71.26473366676001
51.48879,-0.441614,44.0561779040401
55.862281,-3.205782,2.3534355129400004
52.619823,-1.127311,26.53483252137004
51.165865,-0.167734,20.322434997060007
51.77798,1.049031,6.179807149500009
53.40337,-1.752006,2.03668975197
51.45309,-0.944067,23.232357644600015
53.51823999948702,-1.138057,39.261373684220025
55.31531,-3.206111,0.5770618358
53.80489,-3.007175,7.75860676590001
51.892293,-0.46211,123.51560017100029
54.91839,-1.408391,40.69077739640007
53.559029,-2.293772,42.24164962219999
50.5976,-3.71651,0.8436589675999999
53.38928,-2.615358,28.53948876252004
53.378622,-1.478096,31.536309454380003
55.657472,-3.196527,3.6308975424
53.54914,-2.638139,28.347198695580037
53.771245,-1.759774,131.29347627514005
52.2985,0.290917,2.7799548419200018
51.744806,-1.260278,22.78973416183002
57.481308,-4.241451,42.79222533885004
50.82881,-1.068583,13.629277025320006
51.54421,-0.175269,172.66624728527998
54.353728,-6.654558,81.53202513582006
56.013142,-3.710833,21.91689054987003
52.271886,-0.879898,5.534334031300029
52.511722,-1.830583,35.2438297178
52.294884,-1.542911,19.151680776840053
54.516667,-1.358547,19.978674717560004
54.60537,-1.275039,21.07119616220009
53.244131,-1.454946,24.81035864828001
51.45258,0.070766,18.78118180489
51.781784,-4.691462,1.1058577157900005
52.980436,-2.111898,171.43496928600004
51.638094,-2.678731,69.51785173104003
53.446944,-2.9625,48.13781334761
54.97825,-1.610528,30.53510969500003
51.42099,-0.339647,12.955225037770022
53.3690259994862,-2.24328,20.656067087230014
53.80378,-1.546472,35.044817592890034
55.001225,-7.329115,13.596020739000004
56.010319,-3.704399,22.66364756592001
51.544206,0.678408,8.892439580580007
37.90130615,23.8790226,2.40546
38.05134964,23.53844643,68.95652
40.67354965,22.89343834,8.0182
38.14352417,23.75818253,3.20728
37.9432869,23.64751053,20.0455
38.076814,23.697842,5.61274
37.99510574,23.81941795,3.20728
38.25309753,21.738430019999996,83.91046300000043
38.03083801,23.78735733,0.80182
37.99510574,23.81941795,41.69464
38.37524796,23.11026764,0.80182
40.588931,23.031681,27.98351800000044
37.97820663,23.72684288,190.83316
38.05134964,23.53844643,11.22548
38.06963348,23.77688599,157.15672
37.988028,23.727628,17.64004
37.9432869,23.64751053,142.72396
37.93199539,23.71300888,48.91102
40.6337738,22.9452877,4.0091
38.25309753,21.738430019999996,81.78564
37.98362731999999,23.70678902,2.40546
37.988028,23.727628,173.27330200000029
40.739842,22.876230999999997,1.60364
40.65784454,22.80236626,51.31648
38.06963348,23.77688599,2.40546
40.633575439999994,22.95670319,57.73104
38.37524796,23.11026764,13.350303000000435
38.24597549,21.73589706,52.1183
38.14352417,23.75818253,7.21638
64.138861,-21.873411,17.581908050000003
49.7318099994707,5.84714,135.1307246
49.56709999947016,5.91095,50.835388
42.44097299999999,19.256617,79.49443935000019
43.355033869999986,19.358100890000003,64.92376631000012
42.10035,19.103481,5.251920999999999
42.781211,18.942911,16.72275792
41.978333,21.470003,179.05482511
42.0059999994659,21.387,24.308504321200022
41.999169999466,21.44084,65.42450290000004
41.991999999466,21.423,51.71526517700001
42.1355599994657,21.71474,0.0
41.0302799994681,21.33667,8.897394828180001
41.99758999946595,20.965179999999997,53.120510854400166
35.8958358794896,14.48998642,77.45581200000007
35.8900179994896,14.434464,5.051466
36.0670700094886,14.19715309,0.40091
40.206944,-8.410833,8.0182
38.076944,-8.798611,5.61274
40.233056,-7.301944,0.0
37.954167,-8.838056,1.60364
38.658611,-9.066944,15.154398
37.871111,-8.723889,1.60364
38.894722,-9.1175,17.64004
40.999444,-8.623333,19.083316
39.923889,-8.891667,0.80182
38.785,-9.347222,6.093832
37.091667,-8.249722,3.127098
38.705,-9.210278,18.02090450000007
38.605,-28.631389,1.844186
32.648889,-16.883056,54.23510480000011
38.529167,-8.894167,9.060566
38.524167,-8.894167,18.84277
38.748611,-9.148889,76.29317300000014
37.3125,-7.678611,0.5612739999999999
32.807778,-16.886389,6.174014
38.896111,-9.040278,23.172598
39.3525,-8.466111,1.363094
38.802222,-9.182222,34.78295160000009
38.619444,-9.081111,22.6313695
41.1475,-8.658889,16.116582
40.589722,-8.670556,12.82912
41.549722,-8.405833,119.03819720000016
38.829722,-9.164444,33.67644
41.252222,-8.660556,23.537426100000012
38.663611,-9.157778,30.65357860000009
41.569444,-8.456944,29.186248
39.278333,-9.245556,1.523458
38.748056,-9.2025,109.43239360000052
38.65,-9.048611,14.512942
38.754167,-9.230833,34.522360100000014
41.186111,-8.663056,47.022733900000055
41.2075,-8.338056,37.64945810000002
38.720278,-9.145833,130.04317669999998
38.666667,-9.047778,8.840065500000073
41.353889,-8.460833,10.343478
38.6975,-9.323333,10.944843000000072
40.214722,-8.401667,48.1092
41.308611,-8.720833,16.83822
38.768889,-9.108056,54.443578
40.641111,-8.100556,0.80182
40.635556,-8.646667,21.64914
38.635556,-8.690556,2.646006
41.235556,-8.618611,19.003134
41.274167,-8.376111,28.304246
41.371389,-7.790833,1.363094
41.164444,-8.589444,160.98941960000002
41.199722,-8.644722,32.50979190000005
40.182778,-8.676667,5.61274
38.615,-7.3975,1.60364
41.206667,-8.552778,37.34075740000006
40.758610999999995,-8.567222,30.46916
38.02,-8.6975,9.62184
38.699722,-9.420000000000002,57.73104
37.015,-7.926667,2.9065975
45.502648,-73.663913,34.0
45.547463,-73.748317,10.0
45.501531,-73.574311,31.0
45.47167,-73.57222,28.0
45.52207,-73.4881,9.0
45.43433,-75.676,7.0
42.315778,-83.043667,13.0
43.74792,-79.27406,22.0
43.781584,-79.41773,15.0
43.25778,-79.86167,16.0
43.22942,-79.86278,8.0
43.25744,-79.90775,23.0
42.98228,-82.40508,8.0
45.017981,-74.735314,5.0
43.16006,-79.23475,7.0
46.32323,-79.44928,9.0
42.85685,-80.26964,2.0
43.314575,-79.802756,16.0
53.54823,-113.36811,42.0
53.54445,-113.49884,36.0
51.079222,-114.141828,19.0
53.69874,-113.22285,31.0
56.73341,-111.39047,18.0
49.279214,-122.970707,27.0
49.280893,-122.849291,42.0
49.282272,-123.12188,69.0
49.301472,-123.020417,45.0
49.15833,-122.90167,40.0
49.279809,-122.922267,10.0
49.132928,-122.694224,24.0
49.14139,-123.10833,82.0
47.56038,-52.71147,11.0
44.646425,-63.573383,27.0
45.308762,-66.008384,2.0
45.2697,-66.0614,10.600000000000364
45.641026,-73.499682,12.0
43.44383,-80.50381,5.0
49.93207,-97.11317,6.0
49.89799,-97.14653,12.0
49.83918,-99.9206,10.0
52.13613,-106.66293,13.0
49.21519,-122.985666,35.0
49.323994,-123.083496,40.0
49.155848,-121.940279,31.0
49.09561,-122.567104,13.0
47.50513,-52.79476,2.0
44.719799,-63.480754,1.0
46.14222,-60.17252,5.0
45.957318,-66.646719,3.0
45.252898,-66.080065,13.0
46.101578,-64.789661,11.0
45.44298,-73.468631,5.0
45.426509,-73.928944,6.0
45.468297,-73.741185,20.0
45.60176,-73.541992,13.0
45.54271,-73.57176,13.0
45.435987,-75.723429,7.0
46.821177,-71.220495,16.0
45.722896,-73.376808,4.050000000000182
45.120624,-74.2896,3.0
45.29413,-73.34857,2.0
45.38287,-75.71387,7.0
42.292889,-83.073139,15.0
43.69875,-79.78092,15.0
43.709444,-79.5435,36.0
43.66417,-79.38722,10.0
43.54697,-79.65869,13.0
46.53319,-84.30992,6.0
48.37939,-89.29017,21.0
44.301833,-78.346386,4.0
43.13861,-80.29264,6.0
43.48692,-79.70228,12.0
43.94594,-78.89492,8.0
44.31447,-81.54972,1.0
44.382314,-79.702431,10.0
44.04431,-79.48325,6.0
44.15053,-77.3955,6.0
42.40369,-82.20831,6.0
53.201694,-105.75203,14.0
53.50022,-113.526056,24.0
51.04701,-114.07564,48.0
52.29867,-113.79352,27.0
50.04893,-110.68116,0.0
49.71621,-112.8006,10.0
53.71622,-113.19994,27.0
56.75139,-111.47662,9.0
56.969267,-111.40065,37.0
57.18941,-111.6405,11.0
57.1492,-111.6424,11.450000000000728
53.37255,-114.76835,3.0
53.1422,-115.1381,2.0
55.19634,-119.39682,3.0
53.621062,-115.869155,0.0
58.70879,-111.17683,1.0
51.94687,-114.69744,2.0
55.1766,-118.8078,33.0
53.76036,-112.88017,4.0
53.84369,-113.09922,38.0
53.0903,-114.46061,2.0
53.3016,-114.2211,3.0
53.53,-114.6361,27.0
53.633,-114.4199,1.0
54.414014,-110.232939,4.0
56.44928,-111.03722,2.0
49.186265,-123.152422,64.35000000000036
49.288265,-122.79157,31.0
53.9147,-122.7419,9.0
48.441942,-123.363165,24.0
49.862336,-119.477367,12.0
49.04258,-122.30982,23.0
49.24528,-122.70889,46.10000000000037
49.369887,-121.49912,15.0
49.21494,-122.582057,29.0
52.981686,-122.493227,19.0
49.2008,-123.9939,9.0
49.866905,-124.521819,3.0
54.783308,-127.177324,26.0
52.14428,-122.150391,17.0
50.260617,-119.270723,32.0
50.144285,-122.960402,10.0
62.45207,-114.364,11.0
65.27926,-126.813057,3.0
49.438848,-123.479185,8.0
53.1325,-117.09111,0.0
43.551636,-80.264156,5.0
48.92696,-55.65966,2.0
48.95224,-57.92207,3.0
47.098991,-55.198521,1.0
45.614161,-61.362356,3.0
45.07267,-64.84033,1.0
45.68167,-62.69664,1.0
45.291218,-66.00305,4.0
47.609693,-65.633509,2.0
45.651722,-73.573896,6.0
43.610761,-79.52194,33.0
43.333186,-81.742822,2.0
45.33786,-80.03817,3.0
50.285833,-107.81689,28.0
53.75236,-113.12589,17.0
53.799988,-112.92781,10.0
57.24933,-111.5085,26.0
53.4243,-114.3749,11.0
54.216473,-111.50264,1.0
49.009869,-123.082017,15.0
48.42369,-123.49432,13.0
49.700098,-123.154216,16.0
48.784854,-123.715846,15.0
48.921799,-125.541209,1.0
49.682603,-124.996222,11.0
60.71972,-135.05875,8.0
68.35702,-133.714057,5.0
43.322554,21.919025,67.49319850000015
44.796959,20.475288,56.55837825000029
44.82112,20.459113,5.213333412500005
44.273049,19.899006,153.348075
52.9518,-66.9156,2.0
46.233,-63.13667,1.0
46.47843,-63.98763,0.0
46.3864,-62.5828,1.0
43.404011,21.947746,54.83947662500006
45.593325,-73.637328,23.0
45.80942,-73.43473,6.0
44.219867,-76.521128,3.0
46.491941,-81.003105,10.0
42.974461,-81.200858,6.0
42.551125,21.896556,37.03907262500002
42.67208,-81.16289,2.0
50.452701,-104.616009,19.550000000000185
43.89316,20.345513,13.430485
53.564411,-113.562583,34.0
50.955122,-113.969742,39.0
51.0309,-114.0091,59.0
52.24095,-113.765439,15.0
57.26176,-111.037,2.0
53.68238,-112.86812,2.0
53.593771,-116.395822,22.0
53.427301,-117.544067,22.0
49.238008,-121.762264,20.0
50.67477,-120.334016,32.0
49.021506,-122.326556,16.0
49.70516,-123.15133,29.900000000000038
54.5217,-128.6075,6.0
49.317698,-117.661527,9.0
49.14149,-122.311078,19.0
56.244722,-120.856111,11.0
60.00455,-111.893241,2.0
63.751619,-68.522433,1.0
52.28,4.77077,22.45897820000003
51.8414,5.85778,47.09409588000001
51.6031,4.78102,20.90224467000001
51.4442,5.44483,43.57089880000002
52.428,4.77348,32.541864700000026
51.932,4.22802,30.38095980000012
51.8911,4.48069,76.26510930000003
52.2574,5.2359,17.586318060000053
52.334,4.77401,34.07735
51.8694,4.58006,69.116884
51.8936,4.48753,23.493326
53.2178,6.5789,45.17093061
51.4074,5.39333,16.418467230000005
52.0918,6.60537,6.1820322000000285
52.3984,4.72858,18.522042
51.9105,4.3263,48.747047810000005
52.0771,4.28919,22.45697365000004
53.2465,6.60894,4.049191
52.3813,4.84523,111.693526
52.494,4.60199,32.87462000000029
51.2945,3.74948,11.3778258
52.3893,4.94382,17.57188530000004
52.448,4.81671,20.927502
52.105,5.12446,33.470773170000015
51.6347,3.91662,8.963144870000002
51.5935,4.82494,64.80629968
51.5184,5.14845,15.7317084
51.9142,4.47992,30.43548356000001
52.3883,6.40293,6.911688399999999
52.0751,4.31587,41.360281060000034
50.9023,5.88175,11.0170068
50.9003,5.98685,15.965839840000005
51.6537,4.51527,16.158677550000007
52.358,4.8997,45.783922
51.7866,4.45053,16.51709109000001
52.463,4.60184,23.332962
52.039,4.35938,31.97577978000001
51.9214,4.40139,37.845904
52.0677,5.12051,49.47870856000006
52.3721,4.9044,23.3129165
52.3275,4.71501,23.332962
52.3668,4.79334,19.323862
51.9778,4.12194,33.596258
52.3748,4.86032,84.03073599999999
51.9269,4.4617,78.38993230000004
52.8037,5.05051,6.918904780000012
52.3597,4.86621,19.003134000000006
52.3705,4.64232,37.32832919000001
52.2351,5.18155,31.518742380000013
51.5405,5.85307,12.4201918
51.4687,5.47235,26.962801140000003
52.1116,5.70842,11.2816074
51.8879,4.38881,37.605358
52.4202,4.83206,35.52062600000007
50.888,5.9705,48.58026925000001
51.9385,4.43069,59.67144440000006
52.1013,5.12818,19.698311940000004
51.8007,4.70824,20.35580434000001
52.2015,4.98744,59.61932610000001
51.1192,6.0424,12.886851040000035
51.8674,4.35524,27.181698
51.8382,5.85694,15.511207900000008
51.4344,4.35984,10.920788400000037
52.3854,4.87575,112.415164
52.39,4.88781,63.05512480000004
52.3207,4.9884,19.33188020000003
37.936013,-122.026154,14.495000000000072
37.97231,-122.520004,26.7
38.310942,-122.29618899999998,25.520000000000078
33.925062,-117.952586,47.15000000000009
33.85275,-116.54101000000001,6.2
33.99958,-117.41601000000001,67.46000000000004
38.71209,-121.38109,24.0
34.894054,-117.024756,68.7
34.10366,-117.629096,14.275000000000002
32.631229,-117.059074,15.0
33.127769,-117.07508600000001,30.0
37.950741,-121.268523,43.5
37.482934,-122.20336999999999,35.5
38.102507,-122.237976,56.440000000000055
39.838119,-104.94984,84.0
37.780776,-87.075307,4.0
38.06503,-84.49761,6.0
37.05822,-88.57251,11.0
42.348873,-71.097163,28.0
47.3132,-102.5273,1.1
47.325006,-101.76628000000001,2.0
35.477036,-97.494309,7.0
40.00892,-75.09777,48.040000000000056
29.9011,-95.3261,19.1
29.7679965,-95.2205822,30.2
29.7337263,-95.2575931,0.6
32.805818,-97.356567,16.90000000000009
38.006311,-121.641918,5.435000000000037
38.613804,-121.368007,42.0
41.784721999999995,-72.63166700000001,26.31000000000004
38.612034,-90.160477,26.235000000000035
31.768286,-106.50124299999999,40.930000000000106
29.8342,-95.4892,29.770000000000078
30.036421999999998,-94.071061,6.7
38.8577,-77.05922,22.3
37.28342,-79.88452,8.2
34.13263,-118.127142,27.46000000000004
39.944651,-75.16520600000001,31.970000000000027
41.825556,-71.405278,11.8
30.041238,-90.272826,4.610000000000036
42.194379999999995,-72.555112,9.0
32.842297,-116.768326,0.6500000000000004
41.855301,-87.752502,39.740000000000144
40.787628,-74.6763,1.0
37.765946,-122.39904399999999,32.21000000000004
35.614131,-97.475083,6.0
34.725352,-120.42871699999999,0.0
34.54166,-119.79146000000001,0.0
34.403052,-119.45791399999999,1.0
42.298493,-72.334079,4.0
36.705474,-119.741332,30.0
36.841592,-119.87473899999999,10.0
34.051097,-118.456386,18.970000000000077
34.066590000000005,-118.22688000000001,70.8
34.19925,-118.53276000000001,56.0
34.067029999999995,-117.7514,66.6
34.106678,-117.274063,38.42500000000009
34.46245,-120.02551000000001,2.0
34.527440000000006,-120.1965,2.0
34.63782,-120.4575,6.0
34.27632,-118.68369,15.0
34.25239,-119.14318,7.0
34.489740000000005,-120.04692,2.0
34.5959,-120.63131499999999,2.0
41.877682,-87.63502700000001,13.925
42.108992,-72.59080300000001,48.0
47.185833,-101.42805600000001,1.125
42.984173,-85.671339,17.0
37.55652,-77.40027,12.25500000000002
39.789486,-86.06085,1.14
36.11094,-80.224501,7.0
35.49158,-120.66803999999999,33.0
42.876907,-78.809526,24.6
30.461981,-91.17921899999999,12.7
30.315406,-90.81138299999999,4.5
30.221255,-91.31541800000001,4.7
43.561043,-70.207321,0.9
39.310833,-76.474444,48.32500000000027
42.474641999999996,-70.970816,5.0
42.43084,-83.000138,20.0
35.551868,-80.395039,3.2
41.492117,-81.678449,32.0
37.34438,-77.25925,0.1
36.5975,-119.5036,9.0
36.819449,-119.71643300000001,24.0
35.345607,-118.851825,5.9
35.356615,-119.062613,45.21000000000004
35.503586999999996,-119.27260600000001,23.56500000000005
36.315670000000004,-119.643447,24.0
34.14435,-117.85036000000001,7.8
37.281853000000005,-120.43367099999999,13.0
33.674640000000004,-117.92568,29.095
38.74643,-121.26498,17.8
33.676535,-117.331027,14.020000000000072
38.302591,-121.420838,5.0
34.44551,-119.8284,3.0
37.488316999999995,-120.836008,24.0
39.138773,-121.618549,23.26000000000004
38.921848,-77.013176,29.590000000000146
33.6878,-84.2905,80.0
33.588545,-84.069608,3.4
39.297733,-76.604603,53.700000000000095
40.462181,-74.429436,20.0
43.608056,-72.982778,25.03000000000002
38.85287,-77.63462,4.0
39.751184,-104.987625,69.1
41.606662,-87.30494300000001,26.320000000000075
30.700895000000003,-91.05606800000001,3.1
44.76323,-93.03255,12.1
44.775529999999996,-93.06299,3.8
47.400624,-101.929099,1.0
32.676451,-96.87206,5.5
44.1386,-87.6161,0.5
38.683304,-121.164457,2.0
41.118333,-73.336667,56.8
33.9285,-85.04534,1.0
42.298493,-72.334079,0.9
36.867125,-120.010158,11.0
33.92086,-116.85841,6.9
33.217026,-117.396156,9.0
42.139996000000004,-87.799227,18.480000000000015
31.765684999999998,-106.45522700000001,64.7
30.039524,-95.6739508,3.5
29.670025,-95.128508,8.2
35.0315,-120.50101,1.2000000000007276
41.965193,-87.876265,53.4
36.191261,-115.122931,0.56
46.933754,-96.85535,3.8
33.219069,-97.19628399999999,6.445000000000073
29.6958,-95.4992,12.410000000000036
33.503833,-112.095767,52.0
39.117219,-94.635605,24.850000000000183
40.816,-73.902,36.72000000000008
35.2401,-80.78568299999999,16.9
47.298611,-101.766944,2.8
39.12886,-84.50404,13.25000000000091
41.615237,-71.72,0.6
41.841039,-71.36097,9.8
47.568236,-122.308628,37.8
43.060975,-87.913504,10.3
37.687526,-121.784217,40.1
36.694261,-121.623271,7.0
34.510955,-117.32555,16.474999999999998
34.942872,-120.435611,8.3
37.4769,-97.3664,2.4
30.204218,-91.126041,0.7250000000000001
42.3295,-71.0826,25.0
42.738618,-84.534633,5.0
44.3106,-84.891899,1.0
38.673172,-90.239086,15.7
35.2401,-80.78568299999999,15.4
35.024889,-78.291387,1.5
29.863952,-94.3178,2.1
32.79222,-115.56306000000001,11.0
34.38344,-118.5284,19.2
33.830586,-117.938509,47.67000000000007
35.36631,-120.84271000000001,4.0
37.13678,-107.62863,4.0
37.10258,-107.870219,3.0
39.7394,-75.5581,28.4
38.459340000000005,-82.64041,19.0
40.73614,-73.82153000000001,30.8
47.5812,-103.2995,0.9
36.922222,-94.83889,2.1
36.204902000000004,-95.976537,23.370000000000072
29.8027073,-95.1254948,13.1
29.752778,-95.350278,2.125
29.5831,-95.0156,4.9
32.669001,-94.167468,0.7
30.3503017,-95.4251278,2.9
34.756189,-92.281296,16.8
37.9604,-122.35681100000001,17.20000000000009
37.348496999999995,-121.894898,60.2
41.7514,-87.713488,29.60500000000011
37.702065999999995,-97.314847,1.025
42.211774,-71.11397,3.0
35.1343,-106.5852,28.0
45.496641,-122.602877,40.43500000000004
32.65637,-97.088598,9.070000000000071
34.427775,-119.69121799999999,13.1
45.137679999999996,-93.207615,0.0
39.104686,-94.57079,30.1
48.64193,-102.4018,0.9
29.758889,-95.079444,22.1
33.153077,-96.115561,0.3
44.4762,-73.2106,7.2
48.459928000000005,-122.52038799999998,7.6
44.146964000000004,-105.52999399999999,0.4
44.097074,-105.34316399999999,1.38
33.95507,-118.43046,26.94000000000005
37.30389,-107.484167,0.8
41.3014,-72.90287099999999,40.37500000000009
44.377048,-68.260902,0.2
39.70595,-79.012,0.4
42.263954999999996,-71.794322,36.0
30.378287,-88.53393,3.1
36.228408,-95.249943,1.2
38.47753,-78.81952,32.88000000000002
44.1386,-87.6161,0.7
43.060975,-87.913504,5.740000000000054
34.243889,-113.558611,1.6
32.701492,-117.149651,44.0
30.229653000000003,-90.96562800000001,14.345000000000072
30.262604,-93.285084,14.5
39.055302,-76.878304,15.850000000000092
39.525082,-119.807716,45.60000000000037
46.825425,-100.76821,3.9
36.204902000000004,-95.976537,21.2
42.7907,-110.0551,0.37
34.010283,-118.068484,74.7
37.682635,-121.442495,6.0
26.087567,-80.111152,12.0
30.356339000000002,-81.635396,8.0
27.892522999999997,-82.53842900000001,3.0
25.732878,-80.16175,3.0
25.798709,-80.210048,14.0
28.596389000000002,-81.3625,2.0
27.785866,-82.739875,4.0
41.6967,-86.2147,9.0
41.603159000000005,-93.643118,5.9
41.529999,-90.587502,4.9
46.6964,-68.033096,1.9
31.796218,-106.584434,11.0
31.787885,-106.683324,6.0
32.380117999999996,-104.262726,1.0
32.726656,-103.122917,3.0
32.2558,-107.7228,3.350000000000364
36.742227,-107.977567,27.0
36.809734999999996,-107.652192,4.0
36.796667,-108.47313799999999,11.0
29.68639,-95.294724,28.3
29.978926,-94.01087199999999,2.0
41.677667,-108.02483500000001,18.840000000000003
37.743061,-122.169907,24.81500000000005
27.96565,-82.2304,1.0
39.021881,-84.47445,4.0
42.86183,-71.878626,0.7
40.8679,-73.87809,30.8
42.09142,-77.20978000000001,0.8
43.74561,-101.941218,1.0
29.2544736,-94.8612886,0.0
29.9011,-95.3261,22.13000000000002
29.727930999999998,-93.894081,0.1
36.85555,-76.30135,9.24
47.568236,-122.308628,34.35000000000009
42.529999,-108.720003,0.0
35.197288,-90.193141,7.6
34.756189,-92.281296,17.1
33.9014,-118.205,104.555
33.94603,-117.40063,60.3
33.996387,-117.4925,64.8
38.650783000000004,-121.506767,21.0
30.221255,-91.31541800000001,4.3
43.660248,-70.268967,51.7
47.803421,-104.485619,0.0
36.270592,-115.238282,9.8
35.750735,-94.669697,0.5
43.54792,-96.700768,4.000000000000091
33.219069,-97.19628399999999,6.3
40.206291,-109.353932,2.5
40.056709999999995,-109.68810800000001,2.0
48.29786,-124.62491000000001,0.3
37.8148,-122.282402,61.8
38.0133,-87.5772,15.0
37.13179,-86.142953,0.7
44.980577000000004,-74.69500500000001,3.7400000000000544
35.856111,-78.574167,12.9
42.751518,-96.707208,1.7
41.386944,-107.61666699999999,1.6
43.081666999999996,-107.549444,0.1
32.29515,-110.9823,11.7
32.29515,-110.9823,1.4
33.8025,-118.22,90.0
40.038889000000005,-107.8475,0.07
40.086944,-108.761389,1.0
27.3503,-82.4797,2.0
38.525945,-90.0391,5.6
38.525945,-90.0391,5.7
42.814412,-70.81778299999999,3.0
42.814412,-70.81778299999999,2.7
38.656428999999996,-90.198348,21.9
44.657014,-111.089618,6.0
45.440295,-105.37028,0.0
45.366151,-106.48982,0.0
39.525082,-119.807716,43.34500000000007
35.408138,-94.524414,5.0
40.46542,-79.960757,39.9
34.093959000000005,-80.962304,34.0
31.765684999999998,-106.45522700000001,60.99000000000005
29.670025,-95.128508,7.5
41.731111,-111.8375,35.0
40.902967,-111.88446699999999,50.0
40.736389,-111.872222,62.0
40.253611,-111.66305600000001,58.0
41.206321,-111.975524,61.0
37.55652,-77.40027,12.065000000000056
43.46611,-88.621109,1.0
45.56498,-88.80859,0.0
33.5531,-86.815,27.7
37.689615,-121.631916,1.4
34.066590000000005,-118.22688000000001,73.5
33.99958,-117.41601000000001,62.3
38.613804,-121.368007,31.0
38.683304,-121.164457,2.0
37.348496999999995,-121.894898,63.9
40.882222,-106.30611100000002,1.1
39.7394,-75.5581,18.6
38.921848,-77.013176,26.7
42.139996000000004,-87.799227,20.025
39.810833,-86.11444399999999,12.8
41.529999,-90.587502,4.5
30.461981,-91.17921899999999,12.1
42.3295,-71.0826,27.0
42.22862,-83.2082,28.20000000000009
42.385998,-83.266189,75.0
42.386811,-83.27050600000001,30.0
41.247486,-95.97314200000001,6.1
36.141875,-115.078742,121.3050000000001
42.862531,-71.38014,2.2
40.720989,-74.192894,46.0
40.720989,-74.192894,43.0
40.924606,-75.067825,88.0
35.1343,-106.5852,24.36500000000005
43.14618,-77.54817,10.6
40.73614,-73.82153000000001,29.8
39.12886,-84.50404,15.8
39.83562,-84.72049,7.3
39.92002,-77.30968,1.0
40.747796,-80.31644200000001,42.0
40.3833,-75.9686,17.0
40.107201,-74.882202,37.0
40.309722,-78.915,18.0
40.811389,-77.877028,11.0
39.8356,-75.3725,24.0
42.14175,-80.038611,4.0
41.4428,-75.6231,40.0
40.0467,-76.2833,30.0
40.6281,-75.3411,33.0
40.146667,-79.902222,28.0
39.9653,-76.6994,37.0
41.841039,-71.36097,8.8
43.54792,-96.700768,3.4
44.087397,-103.273777,15.9
35.151699,-89.850249,5.3
32.820060999999995,-96.860117,14.10000000000009
39.60996,-110.800749,1.0
40.216778999999995,-110.18274199999999,1.7
40.483598,-109.906796,0.6
44.52839,-72.86884,0.1
41.18222,-104.778336,1.3
41.18222,-104.778336,0.27
42.8608,-106.23586,17.53
42.486360999999995,-110.09886100000001,1.1
64.84569,-147.72741299999998,99.3
37.743649,-121.934188,10.4
35.331612,-118.99996100000001,28.0
32.845709,-117.12396399999999,9.0
39.43806,-108.02611,8.1
43.600699,-116.347853,23.8
43.593929,-116.381248,50.4
40.05278,-88.37250999999999,1.4
40.695078,-92.00631800000001,0.5
38.587525,-76.141006,0.8
39.055302,-76.878304,16.0
39.0284,-76.8172,0.48
47.048537,-109.455315,2.0
46.8505,-111.987164,0.3
48.317507,-107.862471,1.0
36.163962,-115.11393,92.67000000000009
39.934559,-75.125219,31.0
43.9731,-74.2232,0.2
41.492117,-81.678449,29.6
41.6447,-76.9392,1.0
40.269,-80.244,3.0
29.51509,-98.620166,1.275
30.354944,-97.761803,0.175
40.294178,-110.009732,2.8200000000000003
40.736389,-111.872222,72.14000000000014
37.179125,-113.30509599999999,2.0
38.8065,-77.0864,41.5
43.84033,-105.35955,76.25000000000091
42.766971999999996,-105.303528,1.29
33.5531,-86.815,31.1
36.78538,-119.77321,36.0
38.56844,-121.49311,40.8
39.77949,-105.00518000000001,63.96500000000005
39.732144,-105.015313,113.54000000000016
40.27813,-105.54563999999999,0.3
41.771444,-72.679923,61.21000000000004
38.970101,-77.016715,29.5
39.294322,-85.766845,1.475000000000091
39.810833,-86.11444399999999,19.92500000000009
41.169646,-85.629292,3.0
41.593156,-93.701341,26.935000000000034
38.22876,-85.65451999999999,0.5
42.325197,-71.056056,51.0
44.965241999999996,-93.25475899999999,0.0
32.329111,-90.182722,10.955000000000018
39.047911,-94.450513,36.32500000000009
38.656428999999996,-90.198348,23.2
38.631057,-90.281144,22.275
38.631057,-90.281144,24.595000000000027
36.1058,-82.0454,0.1
39.96523,-82.95549,23.0
35.479215,-97.751503,5.0
41.705226,-76.512726,5.0
37.59088,-77.46925,47.9
42.82231,-106.36501,6.610000000000036
42.9288,-109.788,0.2
33.521427,-86.844112,63.8
37.793624,-122.263376,54.8
36.78538,-119.77321,44.935000000000215
33.819305,-117.918759,70.1
32.57816,-116.92135,12.0
32.817978,-116.968133,25.0
37.338135,-121.849783,66.64000000000006
38.403765,-122.818294,15.6
30.262808,-81.606834,31.0
27.95555,-82.46714,33.0
33.6878,-84.2905,80.0
33.778315,-84.391418,83.2
39.787933,-86.13088,52.13000000000002
37.67696,-95.47594,1.8
38.770081,-99.763424,0.6
38.1936,-85.7119,57.37000000000007
29.996013,-90.11819,25.0
39.70595,-79.012,0.8
39.14313,-76.84611,67.2
40.85355,-73.9661,43.0
42.921107,-78.765825,30.2
43.145013,-77.55728,22.5
35.4325,-79.2887,1.1
35.213171,-80.874084,55.540000000000056
35.856111,-78.574167,15.4
35.8652,-78.8197,33.9
41.440129999999996,-81.494833,23.0
40.11109,-83.065376,32.0
39.146025,-84.538375,127.0
45.393496999999996,-122.74789399999999,67.5
40.617488,-79.727664,12.0
40.437431,-79.863572,27.9
40.00892,-75.09777,37.89000000000005
39.991389,-75.080833,33.40000000000009
40.054171,-74.985166,59.02000000000008
41.829495,-71.417457,109.03500000000004
35.63348,-83.94160600000001,0.3
35.16126,-89.87065,40.9
29.5294,-98.39139,48.83000000000001
32.92118,-96.75355,20.5
29.7216,-95.49265,49.63000000000002
30.353859999999997,-97.69166,41.575000000000095
47.597222,-122.319722,123.09500000000008
42.93257,-87.93434,43.02500000000009
44.8357,-108.38600000000001,6.3
42.994444,-108.370278,0.0
33.859662,-118.200707,111.3100000000005
38.593328,-121.503728,48.0
34.068114,-117.525796,94.52000000000008
34.030833,-117.61721999999999,110.56000000000004
32.985442,-117.08218000000001,35.0
35.494556,-120.666203,12.0
39.7861,-104.9886,199.265
39.5464,-107.3286,7.05000000000009
39.2403,-105.9831,1.6
38.894749,-76.953427,88.4300000000001
26.053889,-80.25694399999999,5.0
26.132676999999997,-80.16981700000001,69.95000000000005
33.698611,-84.272608,103.6
39.117219,-94.635605,19.7
42.421502000000004,-83.425042,24.0
42.290766999999995,-83.12066,30.56000000000004
42.280097,-83.120122,31.175
45.137679999999996,-93.207615,7.4
44.706123,-93.285803,4.9
38.75264,-90.44884,32.5
44.657014,-111.089618,9.0
36.139707,-115.175654,62.18000000000002
46.933754,-96.85535,3.2
39.9679,-80.7464,18.0
35.50307,-97.57798100000001,39.0
39.988842,-75.207205,46.690000000000055
29.81453,-95.38769,64.49000000000005
32.664753000000005,-97.337917,26.8
41.842649,-111.852199,13.0
40.496408,-112.036305,5.0
40.600532,-112.35341399999999,8.0
40.46471,-109.561472,2.0
42.059,-104.1675,10.550000000000008
18.422595,-66.120012,59.7
-33.49288,-70.71933,210.987
-33.422301,-70.651162,155.35150000000027
-33.464142,-70.660797,174.7980000000001
-33.433089610143,-70.732147868717,250.1480000000001
-33.37677352033,-70.523326784061,76.82200000000005
-22.11993673,-51.40877707,7.3395
-23.68050765,-46.67504316,38.3285
-23.18788733,-45.87119762,5.62695
-22.3266084,-49.09275931,17.1255
-23.51870583,-46.74332004,17.69635
-23.52672142,-46.79207766,130.48
-21.78252215,-48.18583181,8.9705
-21.14194276,-48.98307527,16.31
-23.60932386,-46.75829437,10.2753
-23.54484566,-46.62767559,70.9485
-23.50154736,-46.42073684,0.0
-22.87461894,-47.05897276,26.096
-23.53139503,-46.83577973,5.5454
-22.19980949,-49.95996975,0.8155
-23.668549,-46.46600027,3.9144
-23.44011701,-46.40994877,56.2695
-23.19200374,-46.89709727,1.5494500000000002
-23.9630572,-46.32117009,66.0555
-23.84941617,-46.38867624,7.1764
-22.70122234,-47.64965269,18.7565
-23.59184199,-46.6606875,30.989
-23.69867109,-46.54623219,31.8045
-23.98129516,-46.30050959,91.336
-22.29861966,-48.5674574,0.7339500000000001
-23.61632008,-46.66346553,108.58382500000045
-22.77232138,-47.15484287,4.0775
-23.36075154,-47.87079907,0.8155
-23.29419924,-45.96823386,1.5494500000000002
-23.77626598,-46.69696108,31.4783
-23.66835615,-46.78004338,0.0
-23.87902673,-46.41848336,9.9491
-23.45553426,-46.5185334,0.7339500000000001
-23.55354256,-46.67270477,11.417000000000002
-23.50242658,-47.47902991,35.882
-23.56145989,-46.70201651,132.9265
-23.83158901,-46.36956879,13.78195
-23.56634178,-46.73741428,0.0
4.651,-74.061,37.285
4.784,-74.044,95.1
4.595617,-74.148583,140.3
4.691,-74.082,8.810000000000004
4.658467,-74.083967,94.82500000000029
4.576,-74.131,58.6
4.632,-74.117,15.180000000000025
4.761,-74.093,27.006000000000004
-0.1965,-78.4351,50.00900000000005
-33.437811379126,-70.750171233135,216.1
-32.93729,-71.27429,15.62800000000001
-32.89101,-71.20942,16.34
-33.59136,-70.59443,68.76500000000004
-33.547099645619,-70.666204101852,183.67
-33.516630362266,-70.588123961971,114.335
16.86403,-24.86752,0.00227465
46.8130974472165,6.94448020280301,4.421235480000001
38.366667,23.083333,6.274241500000219
55.6942059493105,12.0888982729816,1.91715162
47.0673852211321,8.46333371888661,0.6321147970000003
56.5102029995063,27.333369,35.56552792000002
56.95749999950966,24.115799999999997,164.31095895
59.92769,10.84655,196.0158299895551
58.14888,7.99183,21.77829577524416
58.96165,5.7314,27.22272290701592
62.471,6.15665,50.154082953595015
60.361135,5.23686,206.6267636645073
59.9325,10.66987,134.2125118507333
60.37408,5.34042,131.58520254235933
63.35761,10.37174,77.5913317255685
59.9193,10.69651,143.65834636151615
59.90608,10.61195,112.0069991166036
59.94103,10.79803,66.9189931014445
60.39221999953927,5.32783,58.01283492349658
59.13816,9.6522,69.14467928594412
58.146939999519105,7.986620000000001,82.88859708944369
59.93231,10.72455,121.81588952958788
59.1593,9.63573,80.53699491868989
69.65625,18.96372,71.56498434499535
60.79646,11.09777,68.38064353880624
59.89864,10.8149,147.3577281150523
60.79089,10.6967,85.16297802625108
63.43303999957099,10.410880000000002,51.02945932891282
61.12087,10.46563,28.0618167974388
59.91126,10.70398,188.13080630877505
63.41744999957082,10.39677,111.6310332785636
59.955477,11.073983,99.64423819448496
59.73327,10.21167,126.66500680073364
61.11295,10.46487,83.86675301148925
59.210191,10.940097,22.74759266153035
58.96422,5.72786,96.93516104691574
59.27377544,11.08919017,103.12729330759832
59.90571999953465,10.489569999999997,100.09032505776096
59.9325,10.66987,186.8866397810484
62.38959899955954,17.314465000000002,8.0382455
