# This file was generated with the arguments 'sampling='custom'', 'statistics=['median', 'p75', 'p90', 'p95']', 'daterange=[datetime.datetime(2015, 1, 1, 0, 0, tzinfo=<UTC>), datetime.datetime(2015, 12, 31, 23, 59, tzinfo=<UTC>)]' received at 2024-11-15 15:24:30.391848+00:00
lat,lon,value
52.388869,13.094618,67.38389215000001
41.274167,-8.376111,21.118548
53.69874,-113.22285,17.0
51.55107,9.94976,12.586295668049999
43.30277777,-1.98444444,21.02299
41.4153192904672,1.990521216,21.72062
42.46399999999999,-2.428,14.81681
52.608609,12.885194,10.07318965
50.731478,13.75145,5.9842144275
37.871111,-8.723889,4.21849
52.437165,-1.829999,16.372130671649998
46.9510019036189,7.44087126250177,58.88462638200001
50.383217,8.060998,31.407005094692327
-23.51870583,-46.74332004,nan
30.036422,-94.071061,8.6
28.0990499995529,-17.12051,10.80771
33.95507,-118.43046,19.5
43.13861,-80.29264,8.0
59.90608,10.61195,63.545680455262556
28.976989999544,-13.547584,10.284740000000001
48.376576,10.88837,28.644080274999997
51.523567,7.483597,80.2547419675
50.65389,10.76944,3.1924976
43.74561,-101.941218,1.5
40.009439999471,3.85648,6.207462
58.96165,5.7314,19.230537605664452
41.6890494414666,2.495746675,41.73189500000001
53.532075,9.832702,15.044673045000003
40.4306,-3.542400000000001,62.51944750000001
42.7261111094647,-7.45194444,23.707300000000004
43.4605599994638,-3.80861,37.913873124999995
43.0935,-8.4964,8.925220000000001
51.033834,6.451483,18.286763755000003
46.1956009059889,6.21124831844613,26.0121735775
48.182835,12.781387,13.236831050000001
40.540351,-3.645253,33.896532500000006
43.1308,-2.078,41.87132
53.36235,7.20726,14.232246843899999
51.342561,6.670195,30.2884268475
41.694342,24.738078,3.3757531
41.5441046504669,0.829933196,10.494130000000002
49.254344,6.867744,18.4125096
40.617488,-79.727664,12.0
47.298611,-101.766944,4.1
46.3864,-62.5828,1.0
52.80077,10.75673,5.469737675
50.947367,6.957701,59.150510275
51.2945,3.74948,13.147520200000002
27.897638999555,-15.445028,6.83334
52.602056,11.850274,8.791832560480001
47.67027777946561,15.860277778,4.8502322689853
52.981686,-122.493227,16.0
40.1672199994705,-3.27667,12.06304
53.0903,-114.46061,5.0
46.933754,-96.85535,6.2
50.048397,10.232076,27.638778449999997
28.4593139995492,-16.270206,15.82802
36.0670700094886,14.19715309,1.9140500000000003
50.124589,8.691911,79.32490206989786
40.3947222194698,-3.73194444,49.15817
43.322554,21.919025,37.711783555178926
43.2411,-2.8837,30.994150000000005
38.1081399994783,-4.9268,6.06625
53.758971,-0.305749,44.47384597280001
34.894054,-117.024756,36.3
50.804258,8.769324,28.296075526835427
36.694261,-121.623271,8.0
42.9536111094644,-9.18611111,6.83334
55.6942059493105,12.0888982729816,2.0290256875
54.43667,12.72528,3.6691555
47.0943611105647,15.4151111111111,26.605054567111075
50.355581,7.596583,46.94449319018625
45.2697,-66.0614,10.0
51.303772,13.009406,6.549783270000001
46.8349999994643,14.8436111111111,51.0389335683043
53.396348,12.463929,4.92981
51.312076,9.49112,69.81433648234156
50.1953620910644,15.8463764190674,31.215139999999998
32.842297,-116.768326,nan
43.84033,-105.35955,22.0
47.568236,-122.308628,nan
50.754704,6.093923,11.103784200000002
43.2505555494641,-2.155,7.6698900000000005
51.525963,6.976908,26.092087250000002
47.339925999465045,16.207863,9.577765492383351
40.35969999999999,-3.5429,43.82352250000001
37.2372199994823,-3.53417,4.0432527
39.4502777694729,-0.39638888,36.64162
38.24597549,21.73589706,44.345735000000005
52.271886,-0.879898,10.8832945986
37.59088,-77.46925,33.574999999999996
43.481501,-8.243116,12.37662
51.497195,10.791404,18.212283384882603
42.9519444394644,-3.47527777,3.4514000000000005
35.856111,-78.574167,8.5
42.814412,-70.81778299999999,7.0
51.277647,7.231895,21.211401815000002
39.8909199994714,4.252975,10.37207
-23.98129516,-46.30050959,51.848724999999995
44.980577,-74.69500500000001,3.6
58.14693999951911,7.986620000000001,39.87763899545922
4.761,-74.093,nan
51.028879,7.005063,29.634900290000004
56.2903769274682,8.42740110752183,9.5994088375
36.796667,-108.473138,8.0
54.88361,-1.406878,14.204142469775
42.7907,-110.0551,nan
47.0447222216868,15.1527777777778,22.873600940624797
40.758611,-8.567222,17.11808
39.5586111094725,-1.28138888,5.26443
41.999169999466,21.44084,18.737836098
53.46008,-2.472056,12.856705489550002
52.653149,13.296353,9.850631575000001
54.31923,13.08101,22.640118
44.219867,-76.521128,6.0
43.35419999999999,-8.4249,24.265
40.4461,-3.8689,26.950319999999998
49.790526,9.947654,69.350267325
43.5165879994638,-5.67065,20.638939999999998
47.0591699994646,15.016667,3.4443417733018005
37.2525799994823,-6.94219,14.154920000000002
54.304242,10.122364,188.59804595000003
50.889814,6.985164,33.30233679
34.10366,-117.629096,nan
43.17702,-8.19442,6.83334
49.8391876220703,18.2636890411377,18.914048
40.0467,-76.2833,15.0
48.488887,9.20732,32.57992
53.84369,-113.09922,26.0
47.8386110994659,14.441388889,nan
49.270263,7.826521,5.216392349113001
36.522829999486,-6.22517,14.956740000000002
59.93231,10.72455,63.653241042964055
28.6677119995471,-17.775553,14.477182500000001
38.656429,-90.198348,nan
38.1379299994781,-4.90397,5.543280000000001
49.872303,8.664619,23.890145050824703
45.80942,-73.43473,8.0
53.76559,-2.680353,18.934922672425
50.9163,13.346826,22.5756030275
48.921799,-125.541209,1.0
35.503587,-119.272606,nan
50.101871,8.542052,44.27541946031225
51.06493,13.741397,44.189692740000005
37.5550199994808,-6.03616,5.5085500000000005
52.95473,-1.146447,34.049660353250005
40.146667,-79.902222,15.0
40.253611,-111.663056,32.0
46.47843,-63.98763,1.0
49.7209358215332,18.0893058776855,12.910312
38.887629999475,-7.01145,6.5450118999999995
28.0036449995539,-15.411851,nan
41.3938899994672,0.73472,2.4708191999999998
51.079222,-114.141828,17.0
31.787885,-106.683324,7.0
52.398521,13.37071,10.82063235
53.78175,12.175512,7.826190499999999
48.648925,8.903303,13.876069999999999
43.322,-1.9607,43.1958575
29.7679965,-95.2205822,20.9
34.13263,-118.127142,24.9
51.333333,10.867188,6.1193735839361
57.18941,-111.6405,11.0
39.4811111094728,-0.44722222,19.6982
53.1177,8.69506,13.227806125
42.142889,24.765239,23.205637650000003
39.021881,-84.47445,6.0
37.702066,-97.314847,nan
40.11109,-83.065376,27.0
52.146264,14.638166,10.14016105
38.7880555494754,-0.69722222,nan
49.629528,8.35533,32.4382122131032
38.754167,-9.230833,nan
50.144285,-122.960402,7.0
39.4727799994728,-6.36028,7.696291000000001
59.9193,10.69651,91.7663722589017
51.5645,14.3764,8.810217100000001
51.83936,10.790175,11.687030594000001
36.85555,-76.30135,nan
49.304889,10.572297,53.762938399999996
30.315406,-90.811383,8.1
-21.14194276,-48.98307527,14.3966
53.2465,6.60894,8.222581525
33.5531,-86.815,16.0
50.888,5.9705,33.0074307
40.635556,-8.646667,20.43056
41.2022318394677,1.672200024,12.58601
39.5094444394727,-0.41777777,nan
48.573629,13.422039,53.64080695
48.149606,11.536513,182.9870411
51.475183,11.983415,58.85356237500001
42.4577799994651,0.18194,10.56359
48.154534,11.554669,37.002041950000006
48.3294449994669,16.0625,17.050924588734173
37.1960999994825,-3.61266,62.614450000000005
51.4442,5.44483,36.88577827500001
40.0777799994708,-6.14722,7.524017800000001
32.817978,-116.968133,19.0
33.217026,-117.396156,12.0
51.70884,9.55462,6.1924549962199995
48.57818,7.80232,28.5537075
47.664428,9.169281,23.951420000000002
51.781784,-4.691462,2.2406178903000002
51.406968,6.965643,33.22564842
52.677651,13.582269,39.28496765
39.278333,-9.245556,4.155774
36.1820999994879,-5.41141,22.13839
50.570872,12.997278,23.848197419999998
49.321955,12.128139,23.013878175000002
51.592206,7.569838,24.198838164999998
37.6030555494806,-0.97527777,23.497909999999997
49.741035,7.193486,4.700596769277275
47.5670060049929,7.59470775490724,87.93406502650001
52.636708,13.494857,11.51541675
47.3824999994651,15.0891666666667,23.289891662621457
51.21311,6.782565,98.81651423
29.2544736,-94.8612886,nan
36.7697199994847,-2.81097,16.52565
43.306656999464,-5.689716,17.396929999999998
53.3690259994862,-2.24328,16.9454811428
40.4516666594697,-3.67722222,53.0968
48.2797499994668,14.366499999999997,20.50225114328705
41.991999999466,21.423,31.606923429117998
41.3866389884672,2.057392493,21.22294
48.4086099994671,15.619166,18.901023329222504
40.641111,-8.100556,1.04594
36.4605899994864,-6.20307,16.8045
51.45258,0.070766,16.206328840300003
43.313,-7.6937,3.41667
52.25534,8.05286,15.31334239557
52.513602,13.41883,23.64649685
48.7211111094678,15.94222222,6.466987178564275
45.33786,-80.03817,4.0
50.979455,11.037924,22.620018098619106
40.05671,-109.688108,4.7
53.835492,10.695936,10.870956660000001
54.78143,9.43809,65.89247651000001
49.14601,9.225862,141.19483
43.298460000000006,-2.93038,25.58979
52.463,4.60184,23.791561
41.7793434514664,2.358018901,2.311487
52.506604,13.332839,84.74204889999999
50.9023,5.88175,11.4705634
39.427222219473,-0.78388888,13.63195
52.99796,7.94257,12.137748189295
4.595617,-74.148583,114.4
41.829495,-71.417457,82.3
51.036105,13.730205,15.522402715
52.3721,4.9044,25.168547
49.0160865783691,14.0004444122314,10.166355000000001
53.593771,-116.395822,15.0
38.663611,-9.157778,21.028502500000002
42.19438,-72.555112,10.0
38.459340000000005,-82.64041,9.0
52.95702,11.16705,8.925541041872501
55.31531,-3.206111,1.5747692446000001
39.9819444394711,0.01055555,15.235589999999998
43.709444,-79.5435,31.0
46.1389884894636,7.14833307,22.729835685000005
52.17017,9.06255,11.387409099757502
47.1783333327981,14.6766666666667,15.04830403743945
41.6157948664667,0.615725897,23.707300000000004
45.440295,-105.37028,1.0
47.3132,-102.5273,2.9
47.554391,9.690021,29.535412375
52.22694,10.47364,11.54275766271
40.0622222194709,0.07277777,13.17844
49.67895,12.159361,29.384618749999998
47.098991,-55.198521,1.0
51.6537,4.51527,15.868161675000001
54.216473,-111.50264,3.0
38.366667,23.083333,3.754864
40.73614,-73.82153000000001,27.1
34.067029999999995,-117.7514,48.900000000000006
38.1936,-85.7119,41.5
35.16126,-89.87065,33.9
40.811389,-77.877028,12.0
28.3372199995505,-16.39972,6.03152
28.1113729995528,-16.471625,4.74146
39.8356,-75.3725,16.0
-23.68050765,-46.67504316,29.962899999999998
48.397079,10.008293,32.709061774999995
53.37255,-114.76835,6.0
49.8637962341309,18.5514526367188,19.227628
47.0676911584789,8.30067577039109,32.098618296750004
-23.60932386,-46.75829437,nan
34.527440000000006,-120.1965,4.0
48.773256,8.219629,16.76977
49.2329063415527,17.6671752929688,13.060257
37.1337899994828,-6.80745,9.76177
49.825165,8.516798,20.3683488460086
37.2549699994822,-1.78174,31.6203
36.159369999488,-5.34836,29.25058
43.314575,-79.802756,17.0
48.21159999946666,15.6325,20.2511047647065
49.4015960693359,15.6102457046509,12.427180500000002
40.0541666594709,-0.46833333,5.2991600000000005
51.477931,7.005278,73.06167108
49.672507,9.001981,17.68968229126855
39.934559,-75.125219,23.0
54.516667,-1.358547,15.393432766025
50.585765838623,13.6734180450439,9.80377425
46.8713888883533,15.4958333333333,10.8503388200193
40.281505,-3.800946,35.14318
52.28881,-1.533119,16.252335118525
51.403005,7.208572,16.782330025
41.606662,-87.30494300000001,18.0
29.68639,-95.294724,19.0
50.009954,8.265563,61.60887938883905
51.50758,10.23854,9.674019378765001
38.0929299994783,-3.78392,21.790080000000003
39.838119,-104.94984,42.0
49.47869,8.443654,72.25866717755389
37.2533599994822,-6.93514,19.73293
53.54914,-2.638139,20.286496372500004
56.82266,-5.101102,16.929751125849997
37.2601599994822,-6.92546,18.79118
36.2044199994878,-5.40471,12.5946925
52.9518,-66.9156,nan
42.558611109465,-6.72555555,11.780616
44.301833,-78.346386,7.0
48.162069443911,16.5256138888889,10.75074812133805
36.6608599994853,-6.11449,13.483337500000001
51.672809,6.629576,17.446541792500003
45.468297,-73.741185,17.0
59.1593,9.63573,36.77505261370365
52.484168,13.123698,12.068320199999999
41.1935872404677,1.236702825,9.69231
48.1449999994665,16.4744444444444,17.550956044710848
46.233,-63.13667,2.0
48.769444,11.428766,31.851648349999998
49.15833,-122.90167,28.0
49.7473297119141,13.3810386657715,24.966052500000004
38.02,-8.6975,nan
48.801583,9.016748,89.42282
32.701492,-117.149651,25.0
49.7283935546875,13.3755397796631,18.278931999999998
37.7844399994797,-3.81032,11.295950000000001
30.262604,-93.285084,11.899999999999999
50.5976,-3.71651,3.07690185425
43.781584,-79.41773,21.0
-32.93729,-71.27429,nan
36.7278499994849,-4.56095,11.5748
41.593156,-93.701341,22.7
52.401352,13.059945,17.1103885
44.4762,-73.2106,11.5
42.60995,23.036928,25.9106081
36.8474499994843,-2.03819,7.91401
53.38928,-2.615358,21.1003688642
60.79089,10.6967,44.73431565937118
49.423137,7.293522,6.335812415005975
27.7725973595564,-15.54188043,14.57269
40.185241,-3.680265,24.160809999999998
35.331612,-118.999961,22.0
40.44950000000001,-3.4776,29.73882
52.36292,9.70612,15.3993320328
51.90158,10.48132,7.49995062546
36.5975,-119.5036,12.0
52.132417,-0.300306,48.85780548775001
53.58634,-0.636811,15.714864278450001
50.791616,11.661233,5.7064922336822
39.8748899994715,4.25862,9.688736
51.125431,12.494156,33.494177432499995
37.015,-7.926667,7.572444000000001
46.53319,-84.30992,8.0
40.4624999994696,-3.58055555,54.80564000000001
39.708055549472,-0.83194444,3.69552
51.543141,7.150186,76.116041785
51.183773,7.052634,19.054091660000005
55.1766,-118.8078,17.0
41.44013,-81.494833,21.0
51.527883,7.084597,98.45040269
42.6255555494649,-6.52083333,7.600430000000001
53.862237,10.67332,38.616091280000006
39.810833,-86.11444399999999,18.8
42.219,-8.7421,18.129289999999997
45.651722,-73.573896,9.0
45.426509,-73.928944,7.0
41.2075,-8.338056,24.554067000000003
41.3788028014672,2.133098078,31.55185
40.34694443947,-3.705,61.437515
32.631229,-117.059074,17.0
41.784722,-72.63166700000001,16.5
43.294116999464,-5.679632,25.5984725
40.4452777694697,-3.70638888,59.363757500000006
50.970024,9.80026,15.93039755777865
-22.3266084,-49.09275931,14.467199999999998
40.6281,-75.3411,18.0
44.382314,-79.702431,12.0
46.14222,-60.17252,6.0
53.7153,7.21398,6.67915576972
47.048537,-109.455315,2.0
40.924606,-75.067825,43.0
55.070033,-3.614233,52.811304806
41.7302802604665,1.825306423,35.63041
43.1866,-8.471600000000002,8.40225
38.9347222194748,-0.44138888,nan
49.6014633178711,17.238073348999,23.812045327255003
-32.89101,-71.20942,nan
50.3505630493164,16.32272720336914,5.822332
43.21291,-3.1344,11.853650000000002
49.455378,8.425833,41.1255515756375
41.705226,-76.512726,6.0
41.1507788944678,1.120171923,17.08335
38.705,-9.210278,16.996424
33.819305,-117.918759,62.3
25.732878,-80.16175,3.0
53.592301,10.053859,136.338133235
51.77798,1.049031,8.597322732650001
51.48178,-3.17625,22.041655577925003
51.547495,7.693835,18.48325072
36.7295599994849,-4.46553,15.479709999999999
54.053175,13.779314,21.73099825
41.7666666594664,-2.46666666,33.503800000000005
50.072119,8.228865,96.94464197689315
41.731111,-111.8375,25.0
43.16832,-2.63794,27.089240000000004
38.9349199994748,1.43181,6.55449
52.3984,4.72858,16.769871000000002
50.725083,-3.532465,52.0991103802
49.6717910766602,18.3510704040527,16.308728564015
41.6663888794666,-4.715,25.4942825
41.3084024964674,1.647339954,21.737985000000002
48.16489999946657,14.0366,29.965476311931603
50.4286460876465,14.9138593673706,17.008529000000003
42.7152777694647,-7.44944444,12.44608
50.010325,8.451527,34.860634084360505
47.4587169994652,11.90995,22.982216203967603
42.8436111094645,-2.66138888,21.790080000000003
43.5388629994638,-5.698921,29.808280000000003
49.317698,-117.661527,nan
38.8065,-77.0864,19.9
50.978292,10.317236,13.5099429652732
28.3934079995499,-16.3581,10.494130000000002
36.8649499994842,-2.3905,10.77298
52.409309,12.548376,38.00860075
49.107256,9.733632,21.68488
53.37287,-3.022722,15.098272355325003
48.95218,10.59772,18.58287615
40.787628,-74.6763,4.0
49.7220001220703,13.618537902832,9.517852000000001
31.768286,-106.501243,20.0
35.479215,-97.751503,8.0
58.96422,5.72786,56.06369674155923
28.38015999955,-16.36833,11.54007
53.799988,-112.92781,10.0
42.486361,-110.098861,1.7
49.028711,8.3556,24.858439999999998
39.9627777694712,-0.23333333,10.77298
42.6347199994649,-7.70472,2.282580300000001
40.9791666594682,-5.66527777,19.663470000000004
48.8088,9.229745,37.844855
43.5588499994638,-5.92748,30.43544
51.58395,-3.770822,16.714871673300003
36.9230999994839,-2.46322,9.69231
48.364589,10.895029,35.869567950000004
43.2597222194641,-8.555,13.143709999999999
40.9466699994683,-0.29083,3.9743700000000004
66.3216999996054,29.40157,0.9666701061890001
40.9608333294683,-5.63972222,nan
53.63074,10.110595,14.767971582500001
53.446944,-2.9625,44.8830236942
50.549297,9.682162,24.6068803166754
49.643238,8.642,57.966062856815626
59.9325,10.66987,nan
42.8752,-3.2317,5.26443
34.25239,-119.14318,10.0
54.093233,10.240623,7.8026114
46.7674999994643,15.956111,6.335293846339851
53.54823,-113.36811,28.0
39.787933,-86.13088,42.6
42.8027777694646,-5.62361111,11.08656
52.93189,12.809481,15.4590919
49.279214,-122.970707,22.0
41.2448901424676,1.617704646,12.06304
48.27328999946678,14.31479,37.864020790278
34.44551,-119.8284,6.0
48.95224,-57.92207,4.0
41.4260771994671,2.147992032,26.950319999999998
39.8752799994714,4.31639,2.8041611
29.51509,-98.620166,nan
39.43806,-108.02611,nan
43.5298619994638,-5.673498,29.77355
41.206321,-111.975524,33.0
43.54697,-79.65869,14.0
40.3847222194699,-3.71861111,89.292835
40.33638999947,-1.10667,14.503230000000002
49.282272,-123.12188,51.0
37.687526,-121.784217,21.5
53.631805,11.398332,23.055324000000002
53.83017,8.80122,9.23952658984
55.862281,-3.205782,4.626555332600001
42.518892,27.375144,13.041320025000001
29.9011,-95.3261,12.45
52.14428,-122.150391,14.0
42.0616,-7.4089,3.9743700000000004
33.521427,-86.844112,30.299999999999997
49.5026092529297,18.5385608673096,3.6956210000000005
37.765946,-122.399044,23.9
30.356339,-81.635396,11.0
35.356615,-119.062613,26.6
40.4397222194697,-3.69027777,40.093019999999996
51.019345,6.884636,25.78338256
48.396819,9.979058,30.3572975
51.9778,4.12194,31.505015
53.201694,-105.75203,14.0
49.299373,7.061679,25.118266600000002
48.889192,9.189702,110.279075
52.82943,9.62295,10.3701177505525
51.524022,6.748402,27.094276520000005
50.916932,-0.449548,34.383630213225
51.8007,4.70824,19.692191000000005
43.66417,-79.38722,20.0
69.65625,18.96372,41.21593870257503
45.13768,-93.207615,8.4
-23.36075154,-47.87079907,nan
32.845709,-117.123964,14.0
50.877317,12.07471,16.396234541087825
4.658467,-74.083967,50.599999999999994
53.180946,8.625456,18.154535475
37.6936111094801,-1.06472222,15.27032
50.532965,8.684397,19.263773631916475
50.7741508483887,14.2187938690186,23.589016
48.9843864440918,14.4656839370728,14.0711135
53.568124,9.786234,13.15134057
33.99958,-117.41601,32.099999999999994
42.974461,-81.200858,9.25
41.3987432504672,2.153385124,62.3973875
51.544206,0.678408,14.548593967300004
30.041238,-90.272826,9.3
53.2178,6.5789,36.894003350000006
52.486134,13.348416,22.631181400000003
48.22915,8.39062,105.8866825
50.805786140485,0.271609212739733,8.35590687965
52.4202,4.83206,32.79929
51.9385,4.43069,48.17773725
40.4747222194696,-3.575,42.255370000000006
52.33468,14.52596,10.604004199999999
40.33969999999999,-3.7545,52.016635
49.419576,8.676807,32.527572500000005
49.444516,10.316582,9.35244205
42.876907,-78.809526,18.6
51.4074,5.39333,16.351731200000003
41.5267059304669,2.183795315,61.010810000000006
59.7792299995335,21.37395,2.10563699930325
45.435987,-75.723429,8.0
35.8958358794896,14.48998642,48.41159950000001
50.1728248596191,12.6728181838989,12.388952249999999
34.066590000000005,-118.22688,47.8
50.982544,11.3204,19.2698988018832
51.119514,13.675005,10.6721927625
52.268369,11.864795,10.91929441267
50.7937,0.18125,nan
52.127906,11.611456,15.907231051250001
48.3347199994669,16.729445,9.700642339579725
40.300694400000005,-3.45883056,23.707300000000004
43.48692,-79.70228,12.0
41.3921574584672,2.009802277,43.980565
51.1192,6.0424,14.4289855
49.842136,7.866208,32.24048441192275
-33.464142,-70.660797,nan
53.520456,14.257407,5.7107920000000005
49.9449882507324,17.9095306396484,11.825815500000001
4.576,-74.131,36.6
64.84569,-147.72741299999998,40.125
47.518013,10.404232,5.61475425
39.4780555494728,-0.36833333,18.617530000000002
42.781211,18.942911,13.766253299999999
49.233464,6.987601,38.202701575000006
47.50513,-52.79476,3.0
50.73957,-1.826744,10.250401766225
49.462229,11.025473,31.8024506
55.6983573815235,12.5533272748714,26.021743197500005
49.994975,8.273965,48.64832965518947
40.4216666594698,-3.68222222,66.55409
43.3023,-8.506,15.758560000000003
4.691,-74.082,nan
50.6835250854492,14.0411949157715,11.201977000000001
49.869457,8.653745,136.5739325809003
37.3613,-6.6769,18.111925
41.6447,-76.9392,4.0
45.43433,-75.676,11.0
37.3424599994818,-5.83372,14.433769999999999
51.496527,6.981045,24.16381621
40.216779,-110.182742,4.6
35.477036,-97.494309,10.0
49.04258,-122.30982,18.0
-23.59184199,-46.6606875,24.751
28.1124859995528,-16.577577,6.310370000000001
51.897598,14.057064,6.792860325000001
39.923889,-8.891667,4.46261
48.0502779994663,16.675278,9.450616345600302
49.322646,6.753639,21.3650851
51.522287,-0.125848,49.451312672
53.74878,-0.341222,25.744953282100003
52.481806,13.433662,92.8520573
47.1564829994648,9.822944,30.322618693868677
41.2741699994675,-3.1425,1.6675696000000004
43.69875,-79.78092,16.0
35.4325,-79.2887,2.1
46.32323,-79.44928,8.0
51.026294,13.731608,113.07967983999998
43.3824999994639,-3.22056,12.90839875
64.138861,-21.873411,nan
53.80378,-1.546472,33.7477144633
51.335872,12.334686,66.37636049
51.897017,11.057461,10.92750623046
51.536911,7.457463,26.74371287
52.2703,8.04147,99.116972302305
53.896117,9.156908,26.446864195
32.676451,-96.87206,8.299999999999999
52.3597,4.86621,20.64761275
42.93257,-87.93434,38.15
-33.59136,-70.59443,nan
42.0194444394659,-4.53833333,11.348045
40.462181,-74.429436,16.0
51.291757,9.774588,4.629341666027801
39.0827799994743,-1.10111,1.6531036250000002
48.317507,-107.862471,1.0
37.8925999994792,-4.7801,52.817192500000004
40.28759999999999,-3.2211,4.46261
50.3724784851074,12.6153802871704,4.560258
51.867464,12.598325,81.39645767037501
49.605914,10.963528,17.817872075000004
42.3295,-71.0826,27.0
41.771444,-72.679923,44.2
40.3833,-75.9686,13.0
39.6776599994721,2.68665,nan
43.4454,-7.9181,3.41667
43.1804,-2.2682,25.03209
43.551636,-80.264156,9.0
40.4649999994696,-3.60888888,25.58979
56.75139,-111.47662,8.0
65.27926,-126.813057,3.0
40.6337738,22.9452877,17.048620000000003
39.70595,-79.012,3.0
51.803567,11.738975,25.2497077785
51.662452,11.043383,3.26093992745
51.680579,-3.133508,150.44480293022502
58.14888,7.99183,20.6535583141037
50.2422409057617,17.1901798248291,4.323185
37.67696,-95.47594,5.5
41.5471597114669,2.443253787,21.51123
42.849,-2.3937,17.3622
38.5713888794763,-0.14666666,5.7874
52.29867,-113.79352,18.0
38.006311,-121.641918,8.1
45.957318,-66.646719,4.0
51.6538,-3.006953,8.9441083444
49.446747,7.768869,22.395722695906354
28.5061599995488,-13.84898,3.69552
38.71209,-121.38109,13.0
42.348873,-71.097163,34.0
48.370371,10.896821,83.74490525
51.496188,11.979073,15.90736199955
41.492082862467,2.042497085,33.29542000000001
52.3207,4.9884,18.056205500000004
43.4044399994639,-3.84194,16.98759
42.3683181094653,1.776783258,5.7874
42.669797,23.268403,25.19306
28.4553749995493,-16.27675,9.866465000000002
53.53,-114.6361,14.0
40.054171,-74.985166,43.599999999999994
47.81564999946587,13.03488,24.451404024909504
49.21519,-122.985666,25.0
40.309722,-78.915,13.0
50.561754,10.375299,9.2015176486176
52.494,4.60199,20.00342575
50.125332,8.746343,44.85798568131797
53.817775,12.064708,4.560258
52.49855,7.31747,12.688182302385
50.359605,7.592515,69.42568671955458
50.486138,12.138054,41.6722898325
55.943197,-4.55973,25.118637317
38.612034,-90.160477,16.1
42.292889,-83.073139,18.0
58.70879,-111.17683,2.0
50.933513,11.597062,18.741240539882206
51.374264,0.54797,32.648666484475
49.351143,8.423005,40.03127956707002
52.1116,5.70842,11.919177800000002
38.605,-28.631389,1.43633
43.4677799994639,-3.79028,13.751650000000001
37.10258,-107.870219,7.0
48.0861110994664,16.3022222,17.651005395349
42.9979,-7.5509,12.943002499999999
45.252898,-66.080065,12.0
43.081667,-107.549444,0.9
32.380118,-104.262726,3.0
51.651165,12.302901,12.923216991995002
38.0847222194784,-0.85277777,nan
41.1120908514679,1.151824406,19.1665475
50.826001,12.542056,23.483151060000004
42.17600000000001,-1.744,7.035582
43.0642,-2.4904,28.23937
43.5791699994637,-5.92726,38.66303
53.747751,-2.452724,29.575842826
47.1258333327981,13.8083333333333,21.450827226138628
52.22174,-2.736665,6.878197049450001
51.759554,11.449438,54.0081298315
39.9305555494713,-0.60333333,6.83334
43.40592,-2.70318,6.83334
52.467489,13.441809,100.4642551
50.26632,6.380622,4.906295487288776
47.4101639994652,9.653713,25.9888537463073
49.16548,9.224881,44.66926000000001
51.207944,10.450997,17.692976856228775
-23.87902673,-46.41848336,nan
33.925062,-117.952586,27.5
41.206667,-8.552778,nan
40.4783333294696,-3.71138888,50.03788
43.5351849994638,-5.658337,28.692880000000002
40.5461099994694,0.425,nan
39.5458799994726,2.69971,25.862637999999997
40.4080555494698,-3.64527777,44.520900000000005
37.743649,-121.934188,nan
48.5311111094674,14.574722222222,4.9486432232178
53.41058,-1.396139,37.154620601625005
40.4166666594698,-0.24916666,4.21849
52.473089,13.225856,10.278778975
43.267500000000005,-2.9352,38.872420000000005
43.36709999999999,-8.420599,36.28386999999999
52.0751,4.31587,37.5352383
49.89799,-97.14653,16.0
56.013142,-3.710833,14.007377377600001
47.56038,-52.71147,9.0
52.3813,4.84523,72.3363815
48.1610363883555,16.3929202777778,26.2420470891708
43.44383,-80.50381,10.0
43.202936,27.904428,27.094578849999998
53.698939,10.775796,55.938389040000004
49.2027244567871,16.6162872314453,28.2158931648325
39.117219,-94.635605,18.5
35.8652,-78.8197,26.5
48.909518,11.879245,29.38657125
51.533646,7.101786,25.838717015
54.304676,10.135158,86.95981326
50.221941,8.446079,5.518595424471901
38.683304,-121.164457,4.0
52.605621,-2.030523,16.71039257735
51.303919,6.819967,23.929501310000003
50.354723,12.468952,11.24150969
49.009869,-123.082017,12.0
44.273049,19.899006,64.4455132447703
40.816,-73.902,33.8
50.285833,-107.81689,18.0
49.7686157226562,13.4233808517456,13.091615000000001
39.5469399994726,-4.35056,1.8875441
42.921107,-78.765825,29.299999999999997
43.16006,-79.23475,11.0
37.30389,-107.484167,1.7
55.6743033303032,12.571113917497,54.388287715000004
49.0684356689453,13.6148014068604,4.002356000000001
49.71621,-112.8006,10.0
38.102507,-122.237976,14.5
46.5220101907476,6.63969979320694,53.882002661
52.832467,13.822211,49.011986300000004
39.732144,-105.015313,79.7
48.137252,11.564924,98.191080425
42.20289999999999,-8.747,25.241480000000003
47.91326,7.90803,1.5275933499999998
52.0771,4.28919,19.543810800000003
37.2192499994824,-6.88858,10.00589
54.309674,10.116563,12.922487700000001
52.3883,6.40293,8.8642541
50.930328,8.191932,4.462936320000001
47.2699027994649,11.3746611,21.830793287061624
40.3419,-3.833699999999999,32.615155
53.52902,10.081685,23.836692714999998
38.970101,-77.016715,19.4
48.1958349994666,16.143612,21.050690473234
48.021657,12.538174,20.7180257
47.819182,7.567796,21.19765
33.8025,-118.22,39.5
48.64193,-102.4018,2.7
45.120624,-74.2896,4.0
42.315778,-83.043667,19.0
51.8674,4.35524,25.011201500000002
50.050343,8.244949,31.839798240332904
47.968753,11.220172,5.383831250000001
39.12886,-84.50404,17.0
40.214722,-8.401667,35.1161225
43.5503059994638,-5.89886,25.5811075
43.54792,-96.700768,6.925000000000001
50.0723876953125,14.4306726455688,81.573546
49.515052,8.402374,27.233488118232277
43.306899999464,-5.705672,13.73614
53.302352,11.362965,5.498131000000001
38.829722,-9.164444,16.495978
37.13678,-107.62863,6.0
49.186265,-123.152422,33.0
36.11094,-80.224501,10.0
42.7155555494647,-5.63888888,11.81892
38.720278,-9.145833,92.236874
51.208535,10.465835,61.38256377132043
54.783308,-127.177324,14.0
-23.69867109,-46.54623219,25.8501
52.393932,13.037474,74.790892225
42.82231,-106.36501,7.0
41.18222,-104.778336,4.8
42.325197,-71.056056,39.0
53.555668,9.943012,132.25950808
37.091667,-8.249722,7.328526000000001
42.34000000000001,-2.059,11.358262
37.1934199994825,-1.9854,7.39104
52.463592,13.318308,71.3484173
40.012777769471,-0.05722222,11.017100000000001
49.438848,-123.479185,9.0
47.660553,9.486255,27.2639
38.06503,-84.49761,9.0
37.780776,-87.075307,6.0
42.139996,-87.799227,17.5
52.511722,-1.830583,27.720608842124996
51.756476,14.327998,55.1221981
40.4399999994697,-3.63916666,42.603680000000004
50.655861,12.205199,15.5418887195071
50.584108,8.668579,80.0608608651499
50.0880661010742,14.429220199585,42.616764
37.55652,-77.40027,12.200000000000001
47.2712899994649,11.4169445,57.52777567656895
50.6610946655273,14.0430631637573,27.4893925
49.536026,8.35656,41.1394669959498
42.298493,-72.334079,5.0
49.856258392334,18.2697410583496,25.719099
39.9452777694712,-0.05638888,30.924185
43.060975,-87.913504,15.3
51.870852,12.66369,9.673159528525002
37.9604,-122.356811,17.5
44.31447,-81.54972,3.0
45.308762,-66.008384,4.0
36.204902,-95.976537,12.5
52.294884,-1.542911,18.9278916062
51.437708,6.771801,42.83503848
49.8398475646973,18.2899761199951,55.88320025
51.518167,0.439548,30.2807355747
36.809735,-107.652192,10.0
38.47753,-78.81952,17.7
28.4579539995493,-16.26333,38.610935
28.0263169995537,-15.414657,12.742295
-23.55354256,-46.67270477,nan
43.3828,-8.4092,14.747349999999999
48.441942,-123.363165,18.0
29.7337263,-95.2575931,nan
55.865782,-4.243631,23.291070567749998
38.6975,-9.323333,10.75206625
37.743061,-122.169907,23.0
40.107201,-74.882202,17.0
42.88779999999999,-8.5311,19.767660000000003
39.4574999994729,-0.34277777,29.599900000000005
40.182778,-8.676667,8.40225
40.4191666594698,-3.70333333,60.17350250000001
56.44928,-111.03722,3.0
52.619823,-1.127311,26.0972509344
41.3853432834672,2.15382196,77.23923500000001
42.6844444394648,-2.9175,14.7213025
49.004225,8.524194,78.86024
40.38333,0.70917,4.49734
39.055302,-76.878304,11.9
51.05625,-2.68345,4.9272228513
39.14313,-76.84611,53.025
37.3945199994816,-6.0031,52.0158775
49.653465,8.817251,6.768835794954251
49.07655,8.40666,29.21585
39.96523,-82.95549,16.0
40.3727777694699,-3.61194444,45.915150000000004
38.1147222194782,-1.86861111,9.238800000000001
54.09262,12.099553,42.909506
52.420442,12.552303,10.013048100000002
53.819972,-1.576361,70.37359549359999
55.001225,-7.329115,15.957524303625
40.7067087604689,0.581651482,12.882225000000002
51.94687,-114.69744,4.0
50.653236,6.281069,3.9750152325000006
49.300681,8.69993,18.582800000000002
38.403765,-122.818294,9.6
47.185833,-101.428056,3.0999999999999996
50.550028,9.684854,77.34920610396755
42.4275,-8.6769,9.490068
29.7216,-95.49265,34.599999999999994
41.6455555494667,-4.73027777,40.87697
63.41744999957082,10.39677,65.4308745631773
57.24933,-111.5085,21.0
51.45346,6.865107,24.908992299999998
52.0677,5.12051,37.19022455
53.951889,-1.075861,43.896047311974996
41.4439835604671,2.237875306,44.20732
51.52253,-0.154611,225.81320484355
50.832461,12.917336,19.8518723
28.0077379995539,-16.655913,11.05183
29.978926,-94.010872,5.6
51.485492,6.735431,34.0122815925
43.3726749994639,-5.872797,20.88306
49.00793,8.3869,70.0478925
49.7771415710449,17.5419464111328,5.250538
49.132928,-122.694224,17.0
43.0413888794643,-5.08972222,3.41667
37.2796399994821,-6.93807,17.9199
37.9936111094788,-1.14472222,50.342020000000005
43.45389999999999,-7.8478,4.21849
37.3752499994817,-6.00558,28.3793
53.928028,9.511769,69.45372708250001
41.965193,-87.876265,42.6
34.243889,-113.558611,2.7
40.294178,-110.009732,nan
52.0918,6.60537,9.70564065
52.20237,0.124456,67.8229650066
42.85685,-80.26964,6.0
42.2102777694656,-8.73694444,21.929000000000002
38.2422222194777,-0.68277777,11.687672500000001
49.89833,10.887686,26.53992065
62.471,6.15665,35.79416515546845
-22.70122234,-47.64965269,nan
27.785866,-82.739875,6.0
52.50385,-3.034178,2.7751987963
39.9591666594712,-0.03611111,22.31305
51.451177,7.030603,44.4417624775
36.78538,-119.77321,19.1
54.569297,-1.220874,13.277559596025
36.163962,-115.11393,36.4
37.689615,-121.631916,nan
40.8679,-73.87809,27.799999999999997
53.545269,9.944815,32.06630475
53.523262,10.021227,37.95915035
34.54166,-119.79146,2.0
40.695078,-92.006318,2.0
35.2401,-80.78568299999999,11.7
57.1492,-111.6424,10.0
50.017078,8.216498,25.3275229566876
39.705277769472,-0.33666666,6.589220000000001
42.876,-8.5591,9.44819
43.4015009994639,-5.80287,26.060160000000003
38.22876,-85.65451999999999,nan
48.489348,9.210745,153.49997000000002
51.936547,7.611581,17.432283535000003
50.1110801696777,14.5030956268311,47.20730975000001
53.564399,9.94458,89.76885098
46.6964,-68.033096,2.8
39.8348,3.145500000000001,6.568281
43.610761,-79.52194,30.0
55.657472,-3.196527,4.571416649225
43.34295999999999,-5.98566,14.712620000000001
53.75236,-113.12589,12.0
52.8037,5.05051,9.46136525
40.9555555494683,-4.11055555,12.30716
51.285356,14.749731,6.4394366000000005
36.31567,-119.643447,16.0
53.3016,-114.2211,5.0
59.13816,9.6522,26.85345484973375
50.651182,11.368875,14.262053231730576
50.09423828125,14.4420490264893,35.0708725
49.301472,-123.020417,31.0
41.0095056884682,0.912875859,8.95995
39.77949,-105.00518,41.6
51.9142,4.47992,28.694046200000003
37.34438,-77.25925,nan
53.76036,-112.88017,7.0
-23.84941617,-46.38867624,nan
38.613804,-121.368007,14.0
41.6352799994667,-0.89361,20.5665827
47.588152,7.633271,18.468917500000003
48.2253499994667,14.23755,26.844015617101302
38.768889,-9.108056,26.9568115
52.44775,13.647013,9.908670675
48.3061194439113,14.2975027777778,30.78981542173685
38.7063888794757,-0.46694444,8.925220000000001
43.335277769464,-8.47194444,8.71583
52.023169,8.548389,24.865366560000002
42.78139999999999,-6.6039,4.46261
41.0082116794681,0.831084709,2.6495800000000003
48.899272,9.17288,30.33226
52.39,4.88781,46.604782236000005
28.4621729995492,-16.261895,20.604210000000002
44.04431,-79.48325,10.0
60.37408,5.34042,61.439593771702604
42.85607,-2.66779,36.3975
50.5103645324707,13.6452722549438,20.559364000000002
51.49467,-0.131931,41.836244489975
51.6031,4.78102,19.68938115
51.430897,8.928171,6.681997267364876
39.60996,-110.800749,nan
4.784,-74.044,42.599999999999994
60.39221999953927,5.32783,33.25767290545515
43.3674999994639,-4.04278,33.58002437500001
40.086944,-108.761389,1.7000000000000002
36.1856199994879,-5.48893,14.747349999999999
53.56414,9.967882,25.712554580000003
52.194225,12.561389,5.7299238
35.1343,-106.5852,17.6
47.0416679994646,15.433056,47.360000081200795
37.6033333294806,-0.91333333,16.28153
-22.29861966,-48.5674574,nan
40.736389,-111.872222,32.0
48.67819,9.227587,39.69211
49.44591,11.088444,45.7595355
28.3767129995501,-16.361928,17.18754
43.145013,-77.55728,23.200000000000003
53.480927,9.857223,11.85071597
29.6958,-95.4992,11.6
30.039524,-95.6739508,6.8
59.73327,10.21167,61.8698507892245
37.682635,-121.442495,9.0
41.6513899994666,-0.91611,31.8520951
39.4802777694728,-0.33638888,28.335887500000002
55.85917,-4.258889,140.06634619570002
-33.547099645619,-70.666204101852,nan
50.75364,7.082676,31.484270000000002
53.9147,-122.7419,nan
37.8926099994792,-4.76234,21.51123
37.793624,-122.263376,45.2
31.796218,-106.584434,11.0
-33.49288,-70.71933,nan
50.1674118041992,14.1060476303101,17.02055825
46.6266166661308,14.2991444444444,33.76148010610875
38.310942,-122.29618899999998,15.7
53.579283,-2.093786,49.48854812637501
28.685982999547,-17.764587,14.433769999999999
-23.83158901,-46.36956879,nan
29.5294,-98.39139,28.4
34.510955,-117.32555,nan
37.8148,-122.282402,26.8
43.608056,-72.982778,15.899999999999999
46.16029999946364,8.933940000000002,24.5201319765
53.02821,-2.175133,36.751874755875
39.6341666594723,-0.26583333,6.310370000000001
-0.1965,-78.4351,21.2875
61.1889199995471,28.77012,11.26122
47.6047222216877,15.6730555555556,23.85048043884428
37.954167,-8.838056,4.18376
48.177175,12.829314,26.598786850000003
57.481308,-4.241451,nan
51.169967,6.458842,20.689560460000003
39.6672222194722,-0.23472222,15.793289999999999
51.344164,12.377163,87.30510211
50.000973,8.261277,106.67477730672955
40.4241666594698,-3.71222222,71.92271
43.2984,-2.9871,25.799180000000003
31.765685,-106.455227,26.125
42.3361099994653,-3.63611,13.45729
49.369887,-121.49912,14.0
48.768659,9.184538,154.8605
28.0473319995535,-16.536049,15.54917
39.5633199994725,2.62055,9.16934
51.570662,8.148061,9.640433640000001
39.294322,-85.766845,4.199999999999999
37.950741,-121.268523,24.299999999999997
43.1787999994641,-6.5527,12.34189
49.754192,6.646762,47.5448789946863
52.105,5.12446,29.56697995
40.65784454,22.80236626,36.82445750000001
43.333186,-81.742822,5.0
41.3031125334674,1.991523957,13.66668
47.3480599994651,15.882222,2.315110262085725
42.0513406864659,0.729555647,1.084244
-33.422301,-70.651162,nan
59.94103,10.79803,44.456487915230504
44.3106,-84.891899,2.0
51.45617,0.634889,9.83462704865
42.5096939994651,1.539138,39.186
50.908158,-1.395776,32.186270671
51.391127,-2.354155,100.9183134504
54.414014,-110.232939,5.0
42.146475,25.875406,18.108534975
28.0800069995531,-16.559855,10.56359
37.97231,-122.520004,20.599999999999998
52.512194,-1.830861,67.98507655215
43.686269,-7.507778000000001,4.602903250000001
41.3014,-72.90287099999999,27.6
32.29515,-110.9823,14.4
41.841039,-71.36097,10.6
33.85275,-116.54101,10.6
50.0073051452637,14.44593334198,15.033499500000001
38.524167,-8.894167,15.773421250000002
48.92696,-55.65966,2.0
57.15736,-2.094278,21.617594148075
39.6330999994723,2.63044,9.7808715
53.54445,-113.49884,35.0
51.8694,4.58006,52.15161775
43.3665299994639,-5.83303,48.84257
38.631057,-90.281144,nan
28.9678699995441,-13.555856,7.42577
42.056383,25.59345,9.35033455
59.92769,10.84655,92.3959078989372
43.35503386999999,19.358100890000003,40.215134400000004
53.4243,-114.3749,10.0
51.953267,7.619387,72.10647848
41.242375047,1.859334489,10.528860000000002
42.666508,23.400164,22.8586147
48.04842,8.463819,15.96795
37.4769,-97.3664,6.0
44.719799,-63.480754,2.0
40.4941666594695,-3.66027777,33.9563
30.378287,-88.53393,6.3999999999999995
48.8429565429688,16.0601272583008,14.193223999999999
46.93499999946445,13.194532999999998,12.200372423615224
48.30245999946686,16.31395,14.0006051633358
36.7431199994849,-3.5173,13.45729
49.279809,-122.922267,13.0
38.3511111094772,-0.51388888,10.494130000000002
34.725352,-120.428717,1.0
28.090119999553,-17.1181,36.3975
50.04200363159179,14.41182613372803,34.236463
53.538531,10.102823,32.333491144999996
49.998837,8.268996,62.77222193741095
46.8138888883532,15.2127777777778,15.408346653891098
52.28,4.77077,20.87927425
38.785,-9.347222,8.314329500000001
51.840583,12.244763,26.61358389225
39.149999999474,-0.45777777,12.58601
40.0618499994709,-2.12972,19.4974925
41.1173879334679,1.241649688,21.284475
48.889028,8.665574,38.54198
53.04222,-3.002778,23.592188236675
50.807018,8.769396,109.76972220334841
42.43084,-83.000138,18.0
47.95924999946615,16.205700000000004,11.5005794135829
37.6888888794802,-1.70111111,14.18965
40.909,-3.4679,3.9396400000000007
52.3275,4.71501,21.330028
48.0494444439108,14.4427777777778,16.863663350000003
52.427886,10.793683,56.87383028597
36.1862099994879,-5.38081,12.716247500000001
34.27632,-118.68369,13.0
38.85287,-77.63462,6.3999999999999995
51.519639,7.464347,54.64851517
50.567185,8.500619,42.860975254340204
52.593169,11.172351,4.7321760867350005
47.0541666994646,12.957777778,0.4272369157562
40.206291,-109.353932,4.2
50.977462,11.32607,35.31178852599355
51.165865,-0.167734,20.0036018009
40.269,-80.244,5.0
37.9755555494789,-1.23083333,23.42845
43.0088888794644,-9.11888888,3.69552
49.7324485778809,13.4022808074951,24.840216500000004
51.494756,11.981314,97.9028236305
-33.37677352033,-70.523326784061,nan
53.560632,9.957236,70.28807626
37.1387999994828,-1.8422,6.03152
40.5005555494695,-3.68972222,37.44344
53.621062,-115.869155,nan
49.23074,7.003174,67.33165224999999
37.28342,-79.88452,7.8
51.75816,10.61248,4.0615032407200005
45.614161,-61.362356,3.0
53.34633,-2.844333,18.937355666075003
30.700895000000003,-91.056068,4.4
51.321381,12.032136,11.270798369169501
50.720405,12.486621,33.52548993
40.780633333,-3.702147222,9.69231
40.3880555494699,-3.65138888,41.74926000000001
38.9666666594747,-0.19,10.84244
51.8382,5.85694,19.39375275
41.9327777694661,-4.47,15.040496000000001
36.819449,-119.716433,17.0
41.252222,-8.660556,18.899954
42.474642,-70.970816,10.0
38.4547222194768,-0.80333333,6.310370000000001
38.9064799994749,1.43537,9.566676000000001
51.462839,-2.584482,23.817189986050003
41.3217684044674,2.082140639,nan
43.1533299994642,-4.25306,1.9619603000000003
53.559784,13.26644,23.578091999999998
35.197288,-90.193141,10.200000000000001
49.6723785400391,18.6430377960205,13.707201071572499
53.378622,-1.478096,nan
43.47079999999998,-7.8398,2.37073
45.593325,-73.637328,17.0
50.9003,5.98685,14.17855155
60.71972,-135.05875,8.0
43.2644399994641,-4.06278,17.8417575
49.7701263427734,13.368221282959,17.5114535
47.4885582994653,12.066633,39.17328768275502
41.3705041074673,2.114973082,37.20033
41.5611753964668,2.101405057,62.64918
51.448762,7.582295,21.6805676625
51.9105,4.3263,38.249187725
40.4097222194698,-3.68555555,30.052905000000003
40.2479,-4.2752,7.077460000000001
37.3983099994815,-5.95165,20.465290000000003
36.8413299994843,-2.44672,26.635730000000002
44.965242,-93.254759,nan
49.9579277038574,14.0583000183105,46.2402795
51.7866,4.45053,16.214424200000003
49.0679512023926,17.4668483734131,47.855348500000005
40.7349999994689,-0.16944444,3.69552
34.403052,-119.457914,2.0
41.615237,-71.72,nan
43.660248,-70.268967,16.6
51.169437,6.439975,44.9200510325
48.14419999946652,16.95787,12.25054882149585
53.48152,-2.237881,45.4381796447
37.1856799994826,-6.96414,10.80771
38.635556,-8.690556,5.651448
35.345607,-118.851825,10.9
50.840836,-0.147572,10.88800723145
39.7899499994717,3.07413,6.317316000000001
33.503833,-112.095767,27.0
32.57816,-116.92135,13.0
49.440478,11.036096,101.38861600000001
39.8396199994716,3.02705,4.63257525
42.7036099994648,-4.82722,5.5085500000000005
43.32073999999999,-3.11272,11.81892
49.237227,7.036322,13.9601702
28.1112659995528,-15.520924,5.26443
41.7236111094665,-2.85694444,2.6495800000000003
51.5210467476039,-0.213492139585065,27.6004129098
50.424568,7.732456,7.0516366302756
40.691666659469,0.08472222,3.69552
51.744806,-1.260278,13.4467871842
43.74792,-79.27406,24.0
44.76323,-93.03255,15.9
27.8690699995553,-15.38715,5.26443
47.047349999464615,16.079050000000002,20.6612252225678
41.677667,-108.024835,nan
36.1794299994879,-5.37697,17.64105
43.4391699994639,-4.85,3.6698097000000005
-22.19980949,-49.95996975,nan
63.35761,10.37174,46.69221460500809
43.207978,23.557414,14.1044982
50.84574,12.903367,nan
48.507319,9.050407,27.568797500000002
40.720989,-74.192894,30.0
51.360755,9.271233,6.4954010300909255
40.9395531964683,0.831336974,nan
37.9943499994788,-5.66687,3.41667
40.63389999999999,-4.01425,42.603175
41.1549235434678,1.217717688,16.2468
42.98228,-82.40508,15.0
-23.56145989,-46.70201651,55.7765
36.742227,-107.977567,20.0
51.45309,-0.944067,21.09629751805
43.5704499994637,-5.95828,17.021815
38.748611,-9.148889,46.65650525
38.8577,-77.05922,16.4
45.722896,-73.376808,7.0
28.1337319995526,-15.432823,28.692880000000002
36.9967799994835,-1.89535,10.80771
39.9653,-76.6994,18.0
38.2591666594776,-0.7175,nan
50.608136,12.211112,7.93113569
29.996013,-90.11819,21.0
51.443012,8.360714,13.753707390000002
43.5512,-5.9197,nan
43.04811,-2.19138,29.3895
52.120905,11.632755,58.51305815575
48.904228,11.948795,25.979246900000003
44.646425,-63.573383,24.0
43.4208299994639,-3.84111,19.33202
38.4516666594768,-1.06472222,nan
38.673172,-90.239086,16.8
49.5733947753906,15.0802783966064,5.466773000000001
50.0622978210449,14.5378198623657,47.280808
49.21494,-122.582057,16.0
50.260617,-119.270723,25.0
45.547463,-73.748317,10.0
48.345404,9.207748,5.7874
45.641026,-73.499682,nan
40.5180555494695,-3.77444444,18.37341
50.497711,9.935862,3.7382076321652753
49.7459907531738,13.3207483291626,12.659044000000002
38.619444,-9.081111,19.563429
28.4983799995488,-13.86083,10.00589
47.4475971994652,10.7441167,18.698632593467277
36.2087899994878,-5.39138,9.44819
51.638094,-2.678731,59.086134462299995
41.4428,-75.6231,26.0
41.1158805254679,1.191975478,22.34778
52.3893,4.94382,18.390876
52.2015,4.98744,50.08139975
38.9074999994749,-6.33806,6.3612677
47.648459,12.188324,75.02391285
42.7952777694646,-4.84083333,10.84244
49.323994,-123.083496,25.0
37.3842499994816,-5.95962,33.207585
50.452701,-104.616009,15.0
49.8252944946289,18.1592750549316,15.908303000000002
52.513319,13.469314,59.499424000000005
37.936013,-122.026154,11.4
41.2783810944675,1.179916582,11.853650000000002
52.542745,13.349119,26.190073850000005
51.154843,9.031754,4.6931744371081505
36.8950999994841,-2.04672,6.83334
48.2701583328001,16.2972633333333,7.681339268101451
29.758889,-95.079444,20.7
30.262808,-81.606834,27.0
-22.11993673,-51.40877707,8.794
29.5831,-95.0156,8.1
49.155848,-121.940279,20.0
48.7917671203613,16.7244968414307,7.296940749999999
30.461981,-91.179219,16.0
30.354944,-97.761803,nan
48.1061110994664,15.919444444,6.550415965433276
52.26673,10.54055,72.01385816509
51.52253,-0.042155,72.85559525505
49.869422,9.171544,16.565478400000003
42.001933,23.097822,37.1626398
53.060045,8.916966,19.773341100000003
54.161555,12.174105,8.193163
54.334944,-0.80855,4.2989625882
40.4658333294697,-3.68833333,61.28966
45.29413,-73.34857,nan
29.670025,-95.128508,10.2
34.051097,-118.456386,21.0
42.386811,-83.27050600000001,23.0
51.75413,14.325549,36.2560464
42.8269399994646,-1.64944,19.049394
40.5547222194694,0.37277777,5.7874
42.8122199994646,-1.64,35.247370000000004
48.37027799946701,15.545833330000002,8.4005142371739
47.609693,-65.633509,nan
47.597222,-122.319722,88.6
28.1450929995525,-16.523687,4.21849
33.219069,-97.196284,8.6
50.766751,7.972718,6.090882691913025
51.932,4.22802,30.056176
-23.50242658,-47.47902991,19.8215
35.0315,-120.50101,4.0
43.4054,-7.988599999999999,1.84776
53.52418,9.68503,10.774861651550001
48.2081499994666,16.3732536111111,21.112488022927348
-21.78252215,-48.18583181,14.3613
36.5060199994861,-6.26857,15.305050000000001
45.68167,-62.69664,2.0
39.7394,-75.5581,21.5
49.357861,6.73354,16.98435825
41.5986669004668,2.287117688,54.8138175
45.07267,-64.84033,nan
38.4291699994769,-6.395,4.3335939
40.479328,-3.377949,43.63175
40.3677,-4.3981,7.635160000000001
39.8922222194714,-0.065,12.72493
48.784854,-123.715846,10.0
42.1361099994657,-0.40389,18.2426675
53.68238,-112.86812,4.0
42.659758,27.720956,20.58504285
34.19925,-118.53276,26.3
37.0160999994834,-6.57042,4.74146
50.077191,8.230316,94.44183319491543
41.476769364467,2.088977264,32.371035000000006
53.535958,9.84408,16.186543935000003
51.9214,4.40139,30.9275065
43.2549,-2.9023,26.810389999999998
37.7825499994797,-3.78157,21.267110000000002
34.38344,-118.5284,19.3
51.4344,4.35984,13.540181425000002
41.855301,-87.752502,30.299999999999997
57.144555,-2.106472,93.81635726975
36.1904799994879,-5.43576,11.957840000000001
28.0351199995536,-15.41631,13.42256
33.676535,-117.331027,14.9
33.996387,-117.4925,30.6
47.7161111105768,13.6322222222222,16.360424325870877
42.108992,-72.59080300000001,28.0
53.50793,9.990569,23.277842125
41.6702799994666,-0.87111,32.443489
59.210191,10.940097,12.8195584552845
43.0119399994643,-4.13556,12.2895425
32.726656,-103.122917,6.0
43.355829999464,-4.06361,21.099088125
53.80489,-3.007175,11.847170479125001
50.792287,-3.196702,6.26010968845
51.097638,6.469463,16.69127408
42.385998,-83.266189,59.0
56.1505584695037,10.2008419,34.02397912000001
40.03327,-3.5914,15.200860000000002
28.6453959995473,-17.771554,25.703672500000003
37.3125,-7.678611,1.917523
34.756189,-92.281296,15.2
49.191996,7.614573,17.829083312598698
27.3503,-82.4797,3.0
39.297733,-76.604603,33.3
52.15369,10.45591,13.518729899315
54.092278,12.141994,76.694619
49.783942,6.690488,21.6359749030476
52.448,4.81671,19.792577
49.684944152832,14.007740020752,15.45532325
43.25744,-79.90775,21.0
39.5513888794725,-0.46083333,13.9108
42.8608,-106.23586,nan
62.45207,-114.364,9.0
51.641383,7.331405,19.6370607025
38.302591,-121.420838,7.0
45.393497,-122.747894,41.9
41.512675807467,2.125383709,51.354745
33.778315,-84.391418,67.3
-23.9630572,-46.32117009,40.520275
37.488317,-120.836008,17.0
56.73341,-111.39047,15.0
36.6885499994851,-6.11724,17.327469999999998
40.038889000000005,-107.8475,nan
51.49633,-0.460861,77.95246108034999
41.47559999999999,1.9232,52.23395000000001
40.9026929034684,0.809795431,7.600430000000001
33.6878,-84.2905,22.0
26.087567,-80.111152,9.0
52.554444,-0.772222,6.2861705703
55.19634,-119.39682,5.0
50.770381,9.459402,6.2086151703263255
51.205466,10.448476,53.4297667989631
52.411563,-1.560228,20.9907482837
36.9499999994838,-1.96148,9.27353
39.7822222194718,-0.35916666,nan
53.562455,8.569405,21.131269500000002
42.637192,23.243864,2.362823875
39.4561111094729,-0.37583333,49.8113775
37.338135,-121.849783,44.1
35.614131,-97.475083,nan
45.52207,-73.4881,11.0
52.485278,13.529574,18.533885499999997
42.575277769465,-5.56638888,15.72383
52.358,4.8997,43.5824715
42.3191699994654,3.31583,3.1712618000000004
47.4781951524703,8.36436632403517,7.682611888250001
49.24528,-122.70889,22.0
41.3163888794674,-4.90916666,14.4077225
32.65637,-97.088598,9.7
51.601203,-2.977281,21.25802563595
43.32052,-3.07414,20.709410000000002
34.427775,-119.691218,12.7
47.1288639994647,10.034324,31.5451539342946
41.569444,-8.456944,12.57635825
34.63782,-120.4575,5.0
52.3854,4.87575,88.71935500000001
41.5776268914668,1.625893365,25.371717500000003
-23.29419924,-45.96823386,nan
50.7894439697266,14.0867986679077,7.7468010000000005
49.1489715576172,16.696216583252,14.527944999999999
38.666667,-9.047778,13.6508495
43.25778,-79.86167,20.0
41.2388899994676,-5.8975,2.282233
47.5812,-103.2995,2.4
37.9911111094788,-0.69,nan
48.947611,13.420573,3.8302141
54.17729,12.09792,24.5752585
41.1036778864679,1.200765062,18.408140000000003
54.92497,8.30821,4.324410650000001
40.902967,-111.884467,nan
42.34100000000001,-2.232,5.260856
43.11599999999999,-8.351300000000002,7.91401
37.1355599994829,-3.61925,25.799180000000003
42.353,-7.8779,35.03697
68.35702,-133.714057,5.0
48.326013,10.903051,18.444643000000003
52.489451,13.430844,23.697744375000003
40.85355,-73.9661,38.0
52.039,4.35938,24.924072700000004
40.32419999999999,-3.87677,29.8527025
34.489740000000005,-120.04692,2.0
41.603159000000005,-93.643118,9.4
40.206944,-8.410833,10.528860000000002
54.97825,-1.610528,30.945606680825
52.349703,13.424304,13.878220425
42.5805599994649,-1.2825,9.07851175
49.93207,-97.11317,8.0
38.3402777694773,-0.50666666,25.799180000000003
41.1594500574678,1.239703719,19.942320000000002
51.326943,6.195868,25.653628220000005
50.6831245422363,13.9978733062744,68.218795
50.101494,8.784892,65.3296733088649
39.48111111,-0.40833333,30.471179999999997
49.9246788024902,18.422872543335,14.933272
28.9903099995439,-13.51655,13.07324
37.482934,-122.20337,22.1
50.653245,10.668641,15.0605870338164
50.37167,-4.142361,16.778245387075
39.104686,-94.57079,23.700000000000003
38.748056,-9.2025,49.811463
39.138773,-121.618549,11.5
51.249211,6.732383,23.69776843
41.6299999994667,-4.74055555,32.719345000000004
47.325006,-101.76628,4.0
37.281853000000005,-120.433671,12.0
52.337336,14.538595,61.9321144
49.32273,11.02792,28.475586
43.5378,-5.6461,nan
41.7514,-87.713488,22.75
47.808469,7.764349,3.1378200000000005
40.31451799999999,-3.716867999999999,47.762910000000005
42.14175,-80.038611,8.0
49.438464,12.548869,4.3827753
33.9014,-118.205,nan
43.346389999464,-4.06417,15.793289999999999
40.483598,-109.906796,1.8
50.0421981811523,15.7394142150879,14.922009999999998
52.438209,13.387636,94.3419826
48.459928000000005,-122.52038799999998,8.6
40.6646,-3.7739,28.937
49.1980895996094,16.5936431884766,78.73737200000001
41.529999,-90.587502,9.0
40.6647199994691,-4.70083,10.250010000000001
-23.61632008,-46.66346553,87.2621
53.1413,13.03166,3.3333522
49.991518,9.117973,40.7951874
44.146964,-105.529994,nan
-23.19200374,-46.89709727,nan
50.431398,7.460812,32.563345476727
52.563835,14.015252,7.700213275000001
41.4507693384671,1.974887306,56.052287500000006
47.400624,-101.929099,3.0
29.8027073,-95.1254948,15.1
27.801277999556,-15.461157,7.077460000000001
50.892377,14.822846,10.86450674
38.0133,-87.5772,13.9
38.802222,-9.182222,25.666549500000002
48.850373,10.098309,26.078030000000002
43.22942,-79.86278,13.0
50.987758,12.437621,18.432662547030926
-33.437811379126,-70.750171233135,nan
50.876121,6.873789,19.940982350000002
28.0725499995532,-16.653023,7.356310000000001
45.496641,-122.602877,17.0
52.428,4.77348,27.5703825
53.1422,-115.1381,6.0
49.14139,-123.10833,29.0
52.3668,4.79334,18.799802250000003
47.3776165600282,8.53041092115182,27.085286404999998
42.6038888794649,-5.58722222,41.052135
49.14149,-122.311078,14.0
42.0032765034659,2.287271914,24.92689
41.169646,-85.629292,7.1
52.3595,9.71577,85.68031116507501
45.38287,-75.71387,7.0
61.12087,10.46563,16.8988039311312
40.5997,-3.5033,14.399040000000001
50.04893,-110.68116,8.0
42.529999,-108.720003,nan
44.15053,-77.3955,7.0
53.585262,8.59876,98.10709895
39.751184,-104.987625,44.5
43.94594,-78.89492,11.0
51.798629,10.618275,2.9447792900300005
52.334,4.77401,29.813843000000002
54.17133,12.080003,11.372608500000002
40.747796,-80.31644200000001,22.0
38.74643,-121.26498,13.899999999999999
32.79222,-115.56306,10.1
51.8936,4.48753,23.794832000000003
50.424674,7.481394,25.0566114620569
42.8548,-2.6807,28.79707
39.5700799994725,2.65583,45.052552500000004
52.99875,11.73846,7.434806000000001
35.213171,-80.874084,29.799999999999997
59.89864,10.8149,78.21634647454283
51.8414,5.85778,40.102032525
46.8013888883532,13.4938888888889,32.8359763724724
50.61153,10.693092,50.7249911682642
53.078663,8.825173,82.3010291
39.525082,-119.807716,28.3
47.988535,7.859872,113.06141749999999
50.134839,8.918083,26.5625027522988
45.54271,-73.57176,17.0
49.019013,12.101855,71.16870922500001
-33.433089610143,-70.732147868717,nan
51.4687,5.47235,25.358091025
54.353728,-6.654558,nan
49.492548,8.471011,69.65617
40.5697222194693,-6.22388888,3.41667
40.3980555494698,-3.68666666,49.2621075
44.087397,-103.273777,14.8
53.633,-114.4199,3.0
37.05822,-88.57251,8.0
53.221373,-0.534189,62.401849267575
51.474971,6.863657,97.64271664500001
53.231722,-1.456944,26.8223576146
63.43303999957099,10.410880000000002,33.049128972366
41.6655555494666,-3.68888888,15.75755
38.658611,-9.066944,16.220399
34.106678,-117.274063,28.799999999999997
34.5959,-120.631315,1.0
38.650783,-121.506767,13.0
47.803421,-104.485619,1.0
41.4007707664672,1.999634718,40.546530000000004
25.798709,-80.210048,14.0
38.921848,-77.013176,23.3
34.010283,-118.068484,47.5
51.751745,-1.257463,99.60391761310001
43.14779999999999,-8.545,7.077460000000001
30.229653000000003,-90.965628,12.4
48.783801,9.179286,119.11646
42.862531,-71.38014,5.3
46.2310949338438,6.07417438924233,23.826588321000003
43.358289999464,-5.86643,37.503460000000004
49.244247,6.948776,29.65540315
43.4916,-8.2522,6.55449
36.705474,-119.741332,21.0
45.017981,-74.735314,7.0
36.841592,-119.874739,12.0
52.13613,-106.66293,16.0
41.825556,-71.405278,15.7
40.2694444394702,-0.07888888,nan
41.6561111094667,-4.73388888,26.00857
45.60176,-73.541992,14.0
49.866905,-124.521819,4.0
49.943637,11.570088,44.2011883
34.942872,-120.435611,11.3
34.46245,-120.02551,4.5
40.5528194734694,0.529982528,8.646370000000001
42.432356,25.637389,nan
41.5561153974668,2.007401267,57.03644
53.088084,8.810043,19.875217875
52.3748,4.86032,66.19204925
37.5744444394807,-0.92666666,30.22706
51.47707,0.317969,23.79290443885
28.5002549995488,-13.852395,10.494130000000002
38.9932299994746,1.30894,4.856372
52.2351,5.18155,25.480826175
42.751518,-96.707208,4.3
53.50022,-113.526056,17.0
4.632,-74.117,nan
39.310833,-76.474444,20.2
28.596389,-81.3625,5.0
59.91126,10.70398,93.57840061956844
45.501531,-73.574311,31.0
48.173194,11.648036,21.8667385
51.48879,-0.441614,31.652980904850004
41.4256209034672,2.222244805,53.7247175
43.2446,-8.3187,8.40225
47.72514,10.306561,21.200408600000003
-23.18788733,-45.87119762,nan
41.3864139334672,2.187416735,46.71798
45.366151,-106.48982,1.0
48.539801,12.157051,33.8188061
44.1386,-87.6161,nan
28.38053699955,-16.371986,10.494130000000002
33.92086,-116.85841,13.35
50.82881,-1.068583,15.911035619450002
41.3874846394672,2.115149666,29.565170000000002
51.46603,0.184806,23.3437599061
50.67477,-120.334016,24.0
51.746344,14.33455,12.30033405
48.37939,-89.29017,14.0
50.499955,11.134593,6.566938996287675
53.87453,10.664881,51.39432264999999
46.825425,-100.76821,7.8
53.59617,8.09059,8.669294785370003
53.24696,10.4565,14.2178372658
39.146025,-84.538375,78.0
42.40369,-82.20831,10.0
49.4112319946289,14.6763887405395,25.51136975
38.3594444394772,-0.47194444,22.87075
51.862,6.874554,17.193309657500002
40.00892,-75.09777,35.7
49.862336,-119.477367,13.0
36.5109999994861,-4.863,32.52833
41.6205555494667,-4.74666666,25.799180000000003
49.288265,-122.79157,20.0
52.44081,10.81638,18.5837320572
41.5491688934669,2.212050059,102.34028
48.853211,11.777818,9.520969149999999
51.61365,10.42275,30.606448228619996
37.2844899994821,-5.91384,15.479709999999999
50.0731353759766,14.3981409072876,69.82637225
42.0979101924658,1.848237224,15.51444
46.821177,-71.220495,16.0
37.2522299994822,-1.77083,8.40225
38.529167,-8.894167,10.985742
51.197249,11.96096,25.983827748775003
53.48481,-2.334139,26.751640873699998
37.0519399994833,-6.55528,1.5273894000000001
36.867125,-120.010158,10.0
47.4029160301617,8.61339728709878,31.455569663
29.8342,-95.4892,19.6
51.8911,4.48069,60.797947
48.10915319946645,17.0703159,12.3596714673766
41.482016278467,2.188296656,57.558400000000006
51.5993,-0.068218,57.47357728465
36.2038799994878,-5.38371,11.888380000000002
51.260681,7.147401,102.118125195
43.223044,27.587239,10.556654100000001
42.3508299994653,-3.67556,11.81892
46.101578,-64.789661,8.0
53.427301,-117.544067,14.0
35.36631,-120.84271,4.0
39.6847222194721,-0.27888888,13.38783
38.65,-9.048611,16.19611325
50.773131,6.095775,98.97503581
51.54421,-0.175269,111.3103396062
40.5709899994693,-3.26461,15.758560000000003
49.2008,-123.9939,11.0
51.5302,9.92833,76.02050187074
42.44097299999999,19.256617,37.10577705
53.1325,-117.09111,0.0
52.005624,8.552804,52.03861961
41.509722219467,-5.74638888,12.620740000000001
50.984874,11.019353,67.4275502002402
41.4473502534671,2.209511187,41.0695
39.3525,-8.466111,4.079166
43.2561199994641,-5.77594,19.17523
52.2985,0.290917,5.877643263325
42.211774,-71.11397,7.0
27.7636519995564,-15.563851,13.94553
41.976385750466,2.816547298,38.59357
48.090185,9.799713,19.73293
41.4038818504672,2.204522594,49.54121000000001
51.362829,7.46353,119.1908104725
46.8191110994643,12.766025,13.938327391444599
28.5027617395488,-13.85369942,7.91401
49.280893,-122.849291,28.0
42.8981,-2.1731,19.198496000000002
41.9161399994661,0.191101,13.928165
41.2190364604676,1.721248774,17.327469999999998
49.7489585876465,18.6097259521484,23.292599000000003
41.6967,-86.2147,11.6
39.7473099994719,3.01488,7.077460000000001
46.491941,-81.003105,11.0
50.16443,9.399441,5.503250221699351
41.492117,-81.678449,25.0
36.1362299994882,-5.45343,31.273
51.175669,14.443771,15.262191825
51.42099,-0.339647,15.215564173650002
36.707299999485,-4.446,39.535320000000006
51.462734,13.526796,11.51810425
52.614193,1.301976,9.512183039475001
38.4727799994767,-6.92361,1.5751816
27.892523,-82.53842900000001,6.0
54.323514,13.342138,3.9884640000000005
42.263955,-71.794322,26.0
44.77553,-93.06299,7.3
49.052321,8.253547,18.700874612071054
43.14406999999999,-2.96337,29.25058
27.898329999555,-15.48833,3.41667
41.8460342084663,2.217575622,9.971160000000001
39.92002,-77.30968,3.0
50.103135,11.442591,20.224994199999998
33.9285,-85.04534,3.3
37.179125,-113.305096,nan
38.25309753,21.73843002,21.82481
46.8130974472165,6.94448020280301,8.6130674875
49.544,8.465965,28.030990000000003
42.44,-2.239,7.79195
33.830586,-117.938509,26.799999999999997
52.2574,5.2359,15.406597725000001
50.3765869140625,13.3276224136353,9.66256225
30.35386,-97.69166,37.5
41.1475,-8.658889,21.03542325
41.877682,-87.63502700000001,nan
37.1656799994827,-3.6001,41.66193
50.0814819335937,14.4426918029785,21.221885250000003
43.275634999464,-5.59599,14.22438
38.9938899994746,-3.93778,9.604980000000001
41.3134752074674,2.013824628,18.129289999999997
50.1221885681152,14.4675779342651,19.39506425
50.316103,11.904312,15.4023973
33.153077,-96.115561,nan
49.83918,-99.9206,9.0
53.142836,8.212084,125.47010267769251
39.9888888794711,-0.02611111,25.276210000000003
53.71622,-113.19994,15.0
-22.77232138,-47.15484287,nan
48.001509,7.831787,19.90759
28.0298519995536,-15.416086,15.51444
49.238008,-121.762264,17.0
51.27399,1.098061,9.4607512055
43.267500000000005,-1.9777,36.1099675
48.1202777794665,14.878333,23.501376844301703
47.7702799994658,16.76639,6.5527513158506
48.18169,11.46445,31.086140200000003
41.3214952094674,2.09772526,41.208420000000004
55.872038,-4.270936,37.6068978185
40.0519444394709,-0.18972222,15.27032
45.502648,-73.663913,32.0
51.632696,-3.947374,34.4150304054
-33.516630362266,-70.588123961971,nan
48.788251,9.191389,197.07810999999998
39.5647222194725,-0.62555555,nan
51.5405,5.85307,14.112755300000002
35.408138,-94.524414,7.0
40.233056,-7.301944,4.18376
51.317905,12.297411,13.1364796475
33.588545,-84.069608,5.5
54.572586,-5.974944,96.14768258630001
44.097074,-105.343164,nan
39.8491699994716,-5.93972,7.436269800000001
49.021506,-122.326556,15.0
46.7083329994642,14.891667,10.62248619035655
40.6372222194692,-0.09111111,nan
52.1013,5.12818,19.4972625
42.5183333294651,-2.61944444,6.83334
51.155801,14.973958,44.200217662499995
41.3468230374673,1.686575492,17.01389
41.308611,-8.720833,15.94691
43.30939999999998,-2.0109,26.39161
49.682603,-124.996222,8.0
50.962857,7.00459,162.122609655
38.9792799994747,-1.85213,11.08656
43.30268000000001,-2.977240000000001,33.39961
-23.52672142,-46.79207766,81.119375
53.638291,9.998009,21.41703854
38.896111,-9.040278,17.57771825
38.14352417,23.75818253,9.44819
48.42369,-123.49432,nan
40.42,-3.749167,25.904380000000003
36.7397499994849,-5.74372,6.3451
46.6786111105753,12.9744444444444,1.9159056812624002
38.076944,-8.798611,6.8680699999999995
42.738618,-84.534633,10.0
-23.54484566,-46.62767559,42.356049999999996
38.894722,-9.1175,15.97203875
53.681993,9.997256,82.59967787
37.348497,-121.894898,28.4
38.9138199994749,1.41426,13.830618000000001
41.505559999467,-0.15194,15.5839
42.542777769465,-6.58472222,12.655470000000001
30.221255,-91.315418,6.2
53.124561,8.735047,20.99955115
55.6319829648528,12.4633160834027,nan
51.837055,11.891655,6.758794463
50.659097,13.465078,6.062113745
53.064262,14.285139,8.5849321
47.9366669994661,13.0158333,6.200399606140101
47.8141666694659,16.255,16.0510033042772
51.314248,9.483397,22.22479026524395
37.97820663,23.72684288,nan
61.11295,10.46487,51.748692956819404
51.5935,4.82494,41.40157585
51.5184,5.14845,17.797737050000002
51.9269,4.4617,58.7598985
42.7205599994647,-8.92361,1.6508386000000006
43.532899999999984,-7.737700000000001,1.84776
47.6669999994656,13.106,10.2006303241651
53.56292,-1.510436,16.004093884875005
49.634841,9.657919,13.94553
49.09561,-122.567104,11.0
40.437431,-79.863572,26.700000000000003
40.589722,-8.670556,9.282465000000002
49.416884,6.552037,6.7968028
34.14435,-117.85036,16.4
37.1997699994825,-6.92027,12.37662
41.7627799994664,-1.14333,27.36809
32.92118,-96.75355,20.3
