# This file was generated from the request 'https://toar-data.fz-juelich.de/api/v2/analysis/statistics/map/?daterange=2015-01-01T00:00:00,2015-12-31T23:59:59&variable_id=19&statistics=median,p75,p90,p95&format=csv' received at 2024-11-15 14:57:16.569164+00:00
lat,lon,value
-34.56,-58.506,13.1
28.56,77.094,56.82
28.6787,77.2262,48.99
21.048,105.8,52.975
47.929732,106.888629,179.0
-6.888,107.61,44.25
23.728,90.398,60.375
47.913429,106.997907,78.0
1.298,103.78,80.0
-33.464142,-70.660797,21.0
52.16077306,21.03916667,31.8
52.1116,5.70842,13.217378333333333
40.01,116.333,88.0
31.907,34.81,17.4
53.2178,6.5789,9.001168229166666
8.484,4.675,17.1
52.17203333,22.27277778,48.9
-33.591390623022,-70.594788,20.0
47.9176056,106.9373611,89.0
-33.049743798096,-71.614167231712,13.05
47.9153833,106.8941944,96.0
-33.673752071375,-70.953064737434,13.1
52.105,5.12446,14.119264166666667
47.863943,106.779094,123.0
51.5993,-0.068218,16.0
-36.923329602986,-73.036132300941,11.4125
-32.77898790221,-71.373031276855,13.2125
-37.021182877699,-73.149555550926,15.1
-36.784653741124,-73.052063025795,16.02
51.5184,5.14845,15.353303991228069
-34.974925077541,-71.233967512329,11.97
-45.579045667164,-72.049964505825,27.845
52.2966,4.51082,12.082883229166669
51.8414,5.85778,14.791754166666667
51.48879,-0.441614,16.0
31.21,121.44,62.0
23.12,113.32,49.0
-22.087,-70.193253,15.02
51.45258,0.070766,12.0
51.5210467476039,-0.213492139585065,12.0
51.46603,0.184806,17.0
51.425286,-0.345606,10.0
-36.601713211434,-72.958522830688,13.0375
-37.463035064801,-72.324575155457,33.24
-22.063792,-70.185945,41.94
-22.111064,-70.210828,28.4
-33.365775677885,-70.748288055225,19.0
-22.44283906304,-68.932546346863,17.125
-36.616167751711,-72.093040558483,10.05
-38.725302444781,-72.571192550926,9.41
-53.158295492238,-70.921497482453,6.7985
-28.469998068842,-71.219652562817,9.49
-38.74869912298,-72.620788228172,10.89
-29.933006518748,-71.261966365967,12.29
-27.370329154948,-70.323906678352,16.2125
-22.460270722943,-68.937706917007,7.8405
-33.422301,-70.651162,22.0
-36.594880886514,-72.089253650482,17.174999999999997
47.922495,106.794805,208.0
-22.888724142633,-69.318140714844,9.0
-33.492848789461,-70.719440279762,18.0
-33.433089610143,-70.732147868717,18.5
-33.547099645619,-70.666204101852,25.0
-34.143888375919,-70.737131207664,20.975
-33.516630362266,-70.588123961971,21.0
-35.406582744695,-71.633396474869,7.986
-33.437811379126,-70.750171233135,17.0
-33.020419817382,-71.550092842922,25.895
-39.831316104673,-73.22851282209,23.35
-34.162314609087,-70.713919225517,11.7
-38.764767451719,-72.598795682209,16.47
-35.435141887663,-71.678261499336,8.986
-23.61354215815,-70.383315682411,11.405
-33.37677352033,-70.523326784061,20.0
-35.435725588722,-71.619553864003,9.49
-45.57996447948,-72.061125987766,27.0425
-40.584478665958,-73.11871982209,13.24
-33.047466597243,-71.434512871895,8.83
52.2015,4.98744,12.672193541666664
51.5935,4.82494,17.4588125
51.8382,5.85694,14.539361875
51.9271,4.46134,16.535541666666667
-37.471182288689,-72.36146284977,12.4925
51.9142,4.47992,18.33317083333333
51.4074,5.39333,10.788758958333332
52.2345,6.91949,14.664562708333332
-18.483427991456,-70.290550727043,14.04
-35.836942234921,-71.592865853985,8.66
-29.970390235273,-71.336038250122,10.94
-22.462144644634,-68.92806169339,15.5975
47.928444,106.930189,354.5
17.443464,78.47489,75.0
22.547142,88.351048,221.25
52.22517222,21.89311111,37.0
-36.735998,-73.118693,19.07
52.55094028,19.70527778,33.849999999999994
52.21929306,21.00583333,48.0
-6.236585,106.793335,38.0
-6.182382,106.834094,36.0
21.02177,105.819002,123.9
-32.2716667,150.8858333,8.6
52.19172722,20.83888889,44.25
51.39909556,21.13916667,36.2
52.40757694,20.95555556,50.3
52.29085889,21.03916667,30.2
28.598096,77.189066,296.75
51.406968,6.965643,15.5925
49.444516,10.316582,14.83
48.95218,10.59772,16.92
53.564399,9.94458,20.95825
49.783942,6.690488,17.91486216
49.351143,8.423005,18.478850365
52.401352,13.059945,18.68
53.064262,14.285139,16.36
52.146264,14.638166,20.0325
51.756476,14.327998,19.28
52.337336,14.538595,18.075
52.409309,12.548376,18.0675
52.563835,14.015252,15.42
52.393932,13.037474,18.84
52.420442,12.552303,17.99
52.832467,13.822211,18.08
52.99875,11.73846,13.9575
51.746344,14.33455,18.53
52.608609,12.885194,16.97
52.677651,13.582269,18.44
52.388869,13.094618,18.37
51.5645,14.3764,17.6
52.349703,13.424304,18.9675
49.304889,10.572297,17.5175
50.058195,12.18865,18.06
49.869422,9.171544,16.4575
49.991518,9.117973,16.01
48.376576,10.88837,17.64
49.89833,10.887686,17.15
48.177175,12.829314,17.93
50.260578,10.959312,15.3675
48.769444,11.428766,18.3325
48.909518,11.879245,19.04
47.72514,10.306561,13.56
47.554391,9.690021,16.46
48.137252,11.564924,17.96
48.154534,11.554669,15.65
48.853211,11.777818,20.005000000000003
48.397079,10.008293,18.5975
49.462229,11.025473,18.35
49.321955,12.128139,17.985
49.438464,12.548869,11.55
49.67895,12.159361,17.744999999999997
49.804695,9.95642,16.05
48.021657,12.538174,16.04
48.173194,11.648036,14.74
48.326013,10.903051,17.09
47.968753,11.220172,11.56
48.149606,11.536513,19.22
48.573629,13.422039,20.385
47.648459,12.188324,15.73
53.060045,8.916966,15.0775
53.562455,8.569405,12.4
53.1177,8.69506,14.66
50.077191,8.230316,18.9290375725
50.124589,8.691911,21.94248724
51.430897,8.928171,14.36568737
50.550028,9.684854,19.943525315
50.584108,8.668579,20.7607374175
50.807018,8.769396,19.2487254125
49.643238,8.642,19.8146748525
53.56414,9.967882,17.0365
53.523262,10.021227,17.322
53.50793,9.990569,17.327
53.592301,10.053859,14.194
53.817775,12.064708,16.025000000000002
53.78175,12.175512,15.21
54.092278,12.141994,17.245
54.17133,12.080003,14.4475
54.09262,12.099553,17.93
54.17729,12.09792,14.28
53.59617,8.09059,11.37445
52.25534,8.05286,14.27780075
52.17017,9.06255,14.1911
51.55107,9.94976,12.08315
52.49855,7.31747,15.4792745
52.3595,9.71577,18.846975
52.99796,7.94257,16.848450749999998
52.36292,9.70612,14.9421
52.95702,11.16705,13.85110075
52.2703,8.04147,18.194349000000003
51.5302,9.92833,17.91367525
52.15369,10.45591,13.8611495
52.26673,10.54055,15.7958
53.142836,8.212084,18.218599
51.641383,7.331405,18.267
51.536911,7.457463,17.00475
51.547495,7.693835,16.204500000000003
51.533646,7.101786,17.305
51.496527,6.981045,18.12075
51.570662,8.148061,15.624
51.249211,6.732383,14.93725
50.883475,6.469363,16.375
51.277647,7.231895,16.23375
51.342561,6.670195,17.55
51.448762,7.582295,15.44875
51.443012,8.360714,16.067
50.947367,6.957701,18.1225
51.485492,6.735431,18.21475
49.455378,8.425833,19.337999345
49.994975,8.273965,17.25635147
50.000973,8.261277,18.183626175
49.270263,7.826521,9.7202246175
49.446747,7.768869,16.942724705
49.842136,7.866208,16.222075935
49.629528,8.35533,20.64623785
50.355581,7.596583,17.64709854
50.424568,7.732456,10.83130074
50.431398,7.460812,14.48314953
54.093233,10.240623,12.8545
53.924712,9.532635,16.472
54.78143,9.43809,15.59025
53.835492,10.695936,14.39275
54.304676,10.135158,18.115
49.233464,6.987601,16.275
52.268369,11.864795,16.293575
51.496188,11.979073,17.192425
52.127906,11.611456,17.1804
51.662452,11.043383,11.201325
51.494756,11.981314,25.331825
51.837055,11.891655,17.21095
51.197249,11.96096,17.297800000000002
50.979455,11.037924,14.08881354
50.655861,12.205199,15.2686121425
50.977462,11.32607,18.7988605525
52.80077,10.75673,11.5325
51.462734,13.526796,18.5
53.631805,11.398332,16.93
51.61365,10.42275,16.442075
51.672809,6.629576,16.998
51.169967,6.458842,17.03325
53.928028,9.511769,26.923
53.698939,10.775796,16.134
51.475183,11.983415,18.335125
50.653245,10.668641,13.0821743
51.75413,14.325549,19.3
52.481882,13.84825,18.6975
42.31389999999998,19.52342,14.547
41.31989999999998,19.4492,15.878
40.40308999999999,19.4862,11.282
40.62593,20.78018,28.939
47.7161111105768,13.6322222222222,11.925374975
47.0416679994646,15.433056,26.1000003775
47.6830555994656,13.1,15.0
48.219109999466674,16.349818,90.9205017
48.2167394439111,16.3809180555556,20.6585106775
48.2167394439111,16.3809180555556,117.01049804
47.2626193994649,11.3923611,16.217248435000002
48.16489999946657,14.0366,20.0
48.3061194439113,14.2975027777778,19.0
48.162069443911,16.5256138888889,24.94300078
47.4285527994652,11.8718028,15.188999175
47.0447222216868,15.1527777777778,20.64283656
48.219109999466674,16.349818,19.321995725
48.2030599994666,16.43455,19.99200056
47.4100322216874,9.74344083333333,14.0
47.7702799994658,16.76639,19.472499845
48.5311111094674,14.574722222222,12.01970005
47.7702799994658,16.76639,18.5593652575
47.84011379946592,16.526170000000004,17.9849991675
48.08429999946638,16.329,19.5
48.27328999946678,14.314789999999999,19.64520071
48.3917199994671,13.67114,14.471147770000002
47.81564999946587,13.03488,14.0
48.162069443911,16.5256138888889,16.40000914
48.331111110578,15.9036111111111,19.5
48.2030599994666,16.43455,19.11901092
48.2094444439111,14.4369444444444,20.157837862500003
48.2167394439111,16.3809180555556,28.460000975
47.0943611105647,15.4151111111111,20.0
46.8349999994643,14.8436111111111,25.6377878125
48.3917199994671,13.67114,15.32800006
48.08429999946638,16.329,73.0
48.30298999946685,14.282169999999999,22.96520041
47.9719443994662,13.60083333,16.744612680000003
47.0556109994646,15.416603,29.2250003775
47.7974999994658,13.0536111111111,16.0
48.3061194439113,14.2975027777778,17.527649869999998
46.6266166661308,14.2991444444444,80.74000549
46.7783333327976,15.5405555555556,26.97427558
47.84011379946592,16.526170000000004,20.8591809125
48.2049999994667,16.30975,97.07350157
48.1449999994665,16.4744444444444,22.5
48.331111110578,15.9036111111111,49.5
48.2263608328,16.458345,179.22000122
46.6255599994641,14.31806,21.682624805000003
46.8277319994643,12.765622,16.68099975
47.8386110994659,14.441388889,8.3296000825
48.2577777772445,13.0397222222222,17.9539117675
47.4101639994652,9.653713,16.0
48.0008333327996,13.6675,17.77420043
48.1449999994665,16.4744444444444,53.0
48.219109999466674,16.349818,21.711500155000003
46.6266166661308,14.2991444444444,19.65575026
46.6255599994641,14.31806,120.54499816
48.0494444439108,14.4427777777778,16.847925179999997
48.19222999946662,14.519540000000001,19.5
47.2157029994648,15.628392,17.741816515
48.23083333246671,16.63638889,19.0
48.279749999466794,14.366499999999997,17.57832431
48.21159999946666,15.632499999999999,19.5
46.8349999994643,14.8436111111111,56.375
48.2253499994667,14.23755,21.62210083
47.84011379946592,16.526170000000004,47.78630446
48.162069443911,16.5256138888889,16.32799911
48.2049999994667,16.30975,19.171499240000003
48.23083333246671,16.63638889,27.5
48.21159999946666,15.632499999999999,31.0
48.19222999946662,14.519540000000001,25.5
48.2263608328,16.458345,19.564374432500003
44.5332,18.5347,454.0
44.540553999999986,18.673338,187.00999999
44.97,16.71,155.8
51.252103,4.491362,16.0
50.883694651242365,4.38297750509656,20.25
50.6119227069516,5.61114976281943,13.7735
50.7117060941316,5.10315860945395,16.0
51.2539648810663,4.20146039512657,20.5
50.377592,4.4247,15.7075
51.196063,3.82292,19.5
51.252103,4.491362,17.5
50.0270290177478,5.59301691406644,10.389
50.953177280636,3.12115559890125,16.5
50.8148738703176,3.32249431903728,18.5
50.85780610708387,4.288706017295201,15.65
51.150136,3.808735,19.0
50.9453592417478,3.15240159047001,17.0
50.6122775285323,5.99275271918705,12.8065
50.4078101998156,4.39589711703924,17.6415
51.236194200299,4.38522368445472,16.0
51.2609897078635,4.42439900693533,17.5
49.877128,5.202387,10.8725
50.796632,4.358539,17.0
50.9397118654647,5.36837853229426,16.5
51.213463215899566,3.23406610187119,15.0
50.7934690447113,3.10964187449867,16.5
51.2286298134603,4.42845417753557,17.5
50.583614,5.397446,18.6085
51.058332,3.729298,17.0
51.0920000379014,4.38010354488249,17.0
51.0406894198246,3.73497147968531,18.0
51.2336522065588,5.16397884633176,17.0
50.89500101104031,4.395716786784691,18.65
51.2146988167721,4.33220643231032,16.0
51.1771308881904,4.41794863777773,14.5
50.658444,5.627835,15.7075
51.1702980388321,4.34100506456284,18.5
51.209663,4.431821,18.0
50.620671,5.516405,16.6745
51.1246905122968,3.73950422044193,18.5
50.409311,4.452172,17.158
50.303208,6.001736,8.9385
49.719281,5.630398,11.8395
50.9775413785115,4.83761801569861,16.0
51.209663,4.431821,18.0
51.340727492302,4.32182021475228,16.0
50.624992,5.547464,14.257
50.095683,4.594763,10.8725
50.655439,4.668288,15.7075
50.428995,4.458681,17.158
51.01628,2.582323,13.0
50.4164333599369,4.52113020813044,16.191
51.2545736228328,3.3625358887016,14.5
50.5027163414413,4.98842295409252,13.7735
51.2082294722138,4.42155925106527,16.0
50.274478,5.235169,11.8395
50.4651921568256,3.93971432552384,16.6745
50.613413,5.570223,14.7405
51.3487952923282,4.33970994711987,16.5
50.84971051855545,4.334103679825119,18.1
51.058332,3.729298,17.5
50.9130204234224,4.51218434619029,16.0
51.20951873198,4.43179223079244,18.5
50.9149529612786,3.37621163108602,18.5
51.0612776980517,3.77526238964536,18.0
51.0025259687826,4.46932103654779,17.0
50.6167184021922,3.45762442718173,15.7075
51.3139288945411,4.40386813974961,19.5
50.9413871149913,4.43672076353407,17.5
50.9172284414243,3.30738579933576,21.5
51.23085761111954,5.05330329126734,14.0
50.9278918436631,5.47062003748762,16.5
42.578274999999984,23.113975,26.8
43.224389,27.915733,10.28
42.680558,23.296786,24.2399999975
43.07419999999999,25.604883,37.79999999
43.851367,25.964086,30.064999995
42.43419699999998,25.631522,20.05
42.142889,24.765239,32.49
41.694342,24.738078,13.075
46.16029999946364,8.933940000000002,15.575
47.5410842894654,7.5832696,14.75
47.3776165600282,8.53041092115182,14.075
46.9510019036189,7.44087126250177,25.69999999
47.4029160301617,8.61339728709878,45.2
46.9510019036189,7.44087126250177,16.4
46.8130974472165,6.94448020280301,12.1
47.0673852211321,8.46333371888661,6.525
35.1269753273788,33.3316292911412,17.924999999999997
35.03802199999999,33.057789,12.2
34.681667329999996,33.01777649,18.4
34.91361237,33.61583328,18.1
34.779445649496395,32.438613890000006,17.7
48.8429565429688,16.0601272583008,21.78
48.7917671203613,16.7244968414307,21.78
49.7209358215332,18.0893058776855,31.46
48.9843864440918,14.4656839370728,19.0
50.3019828796387,15.1783027648926,24.2
49.259391784668,17.4105606079102,25.41
49.4516563415527,17.454158782959,27.83
50.0073051452637,14.44593334198,20.933
49.2329063415527,17.6671752929688,21.0
50.6831245422363,13.9978733062744,26.0
49.4015960693359,15.6102457046509,22.99
50.6452789306641,13.8512496948242,26.62
50.6835250854492,14.0411949157715,21.78
50.3765869140625,13.3276224136353,20.57
50.1953620910644,15.8463764190674,25.41
49.4720573425293,17.9669761657715,33.88
49.6717910766602,18.3510704040527,44.77
49.1980895996094,16.5936431884766,33.88
49.856258392334,18.2697410583496,37.51
50.0240364074707,15.7635488510132,24.2
49.2027244567871,16.6162872314453,25.41
49.7701263427734,13.368221282959,22.0
50.1728248596191,12.6728181838989,19.0
49.8637962341309,18.5514526367188,35.09
50.7741508483887,14.2187938690186,31.46
49.7909774780273,18.4068355560303,35.09
49.6681137084961,18.6777992248535,32.0
49.7473297119141,13.3810386657715,22.0
49.7459907531738,13.3207483291626,19.0
49.5733947753906,15.0802783966064,16.0
49.7489585876465,18.6097259521484,35.09
49.9246788024902,18.422872543335,39.0
49.7960395812988,18.2471809387207,32.67
50.0723876953125,14.4306726455688,26.0
50.0814819335937,14.4426918029785,21.0
49.0684356689453,13.6148014068604,12.0
49.8398475646973,18.2899761199951,41.14
49.7324485778809,13.4022808074951,19.0
50.585765838623,13.6734180450439,24.2
49.7589950561523,16.6667213439941,30.25
49.2132110595703,16.6780242919922,24.2
49.7220001220703,13.618537902832,17.0
49.9579277038574,14.0583000183105,20.0
49.9449882507324,17.9095306396484,27.83
49.7283935546875,13.3755397796631,25.0
50.1438598632812,14.1017837524414,16.0
50.0461311340332,14.331413269043,20.57
49.7686157226562,13.4233808517456,21.0
50.7551002502441,15.0699672698975,24.2
50.4286460876465,14.9138593673706,22.99
50.5103645324707,13.6452722549438,25.41
49.6014633178711,17.238073348999,31.46
50.0731353759766,14.3981409072876,22.0
49.1489715576172,16.696216583252,24.2
50.76493835449219,15.053896903991697,25.0
49.93981552124023,18.276649475097656,73.2
49.438464,12.548869,11.55
50.807018,8.769396,19.24715042
48.021657,12.538174,16.04
48.95218,10.59772,16.92
50.058195,12.18865,18.06
49.14601,9.225862,20.4211956525
50.125332,8.746343,15.594957375
48.22915,8.39062,15.1675724675
47.588152,7.633271,15.55253623
50.653245,10.668641,13.0821743
48.149606,11.536513,19.22
52.80077,10.75673,14.088671
48.154534,11.554669,15.65
52.388869,13.094618,18.37
49.869422,9.171544,16.4575
52.127906,11.611456,17.1804
50.584108,8.668579,20.7607374175
52.349703,13.424304,18.9675
52.99875,11.73846,13.9575
47.91326,7.90803,8.744835499999999
54.304676,10.135158,18.115
48.177175,12.829314,17.93
52.26673,10.54055,15.7958
52.636708,13.494857,16.78
52.36292,9.70612,14.9421
50.754704,6.093923,15.0
51.317905,12.297411,14.77
49.444516,10.316582,14.83
51.837055,11.891655,17.20775
49.783942,6.690488,17.91486216
51.746344,14.33455,16.9
52.268369,11.864795,16.293575
49.321955,12.128139,17.985
51.462734,13.526796,18.5
49.00793,8.3869,16.319444445000002
50.424568,7.732456,10.83130074
48.376576,10.88837,17.64
51.314248,9.483397,14.4972595975
51.547495,7.693835,16.204500000000003
51.406968,6.965643,14.5
49.304889,10.572297,17.5175
52.49855,7.31747,15.4792745
49.004225,8.524194,18.17028986
51.06493,13.741397,17.86
52.25534,8.05286,14.27780075
52.146264,14.638166,20.0325
52.513602,13.41883,18.935
51.61365,10.42275,16.442075
50.431398,7.460812,14.48314953
48.489348,9.210745,19.51086957
51.485492,6.735431,18.21475
53.817775,12.064708,14.3
48.326013,10.903051,17.09
52.401352,13.059945,15.8
51.496188,11.979073,17.192425
52.563835,14.015252,15.42
49.991518,9.117973,16.01
51.641383,7.331405,18.267
53.562455,8.569405,12.4
47.664428,9.169281,16.15158853
49.462229,11.025473,18.35
49.643238,8.642,19.81475067
48.173194,11.648036,14.74
53.78175,12.175512,15.21
53.520456,14.257407,23.84
49.455378,8.425833,19.337999345
54.17729,12.09792,14.28
47.72514,10.306561,13.56
52.542745,13.349119,18.19
51.5302,9.92833,17.91367525
49.351143,8.423005,18.476875305
48.788251,9.191389,22.1874999975
53.564399,9.94458,20.95825
50.883475,6.469363,16.375
51.277647,7.231895,16.23375
51.249211,6.732383,14.93725
53.523262,10.021227,17.322
47.968753,11.220172,11.56
51.662452,11.043383,11.201325
48.769444,11.428766,18.3325
51.746344,14.33455,18.53
49.994975,8.273965,17.25635147
53.060045,8.916966,15.0775
53.592301,10.053859,14.7345
47.808469,7.764349,7.22222222
51.496527,6.981045,18.12075
52.99796,7.94257,16.848450749999998
51.406968,6.965643,15.5925
47.648459,12.188324,15.73
53.817775,12.064708,16.025000000000002
48.397079,10.008293,18.5975
51.342561,6.670195,17.55
51.756476,14.327998,19.28
54.17133,12.080003,12.0
52.337336,14.538595,18.075
51.197249,11.96096,17.297800000000002
48.137252,11.564924,17.96
51.756476,14.327998,49.6
51.443012,8.360714,16.066
47.988535,7.859872,14.257246375
54.78143,9.43809,15.59025
49.994975,8.273965,15.2
51.570662,8.148061,15.624
53.896117,9.156908,13.644
54.09262,12.099553,17.93
48.573629,13.422039,20.385
50.84574,12.903367,17.16
53.835492,10.695936,14.39275
54.093233,10.240623,12.8545
51.5645,14.3764,17.6
50.000973,8.261277,18.183626175
49.16548,9.224881,17.6947463775
53.59617,8.09059,11.37445
51.55107,9.94976,12.08315
50.947367,6.957701,18.1225
50.077191,8.230316,18.93500137
50.65389,10.76944,9.6223225
51.494756,11.981314,25.331825
52.481882,13.84825,18.705
48.889028,8.665574,14.0307971
50.260578,10.959312,15.3675
52.420442,12.552303,17.99
53.698939,10.775796,16.134
52.95702,11.16705,13.85110075
51.430897,8.928171,14.3609876675
51.536911,7.457463,17.00475
53.064262,14.285139,16.36
52.401352,13.059945,18.6725
54.092278,12.141994,17.245
54.17133,12.080003,14.4475
49.67895,12.159361,17.744999999999997
52.513319,13.469314,21.8225
51.533646,7.101786,17.305
52.489451,13.430844,20.51
51.019345,6.884636,15.975
52.80077,10.75673,11.5225
52.3595,9.71577,18.846975
51.277647,7.231895,13.5
49.89833,10.887686,17.15
48.345404,9.207748,9.375
50.124589,8.691911,21.94248724
49.804695,9.95642,16.05
47.554391,9.690021,16.46
50.050343,8.244949,14.22371914
48.853211,11.777818,20.01
48.396819,9.979058,17.010869567500002
49.544,8.465965,15.824275365
53.1413,13.03166,11.866136
48.57818,7.80232,16.85688406
50.653236,6.281069,9.85
51.344164,12.377163,18.855
52.832467,13.822211,18.085
51.496527,6.981045,16.650000000000002
50.977462,11.32607,18.7988605525
53.50793,9.990569,17.327
51.026294,13.731608,18.59
48.001509,7.831787,12.4954710175
53.928028,9.511769,25.668
52.677651,13.582269,18.44
52.608609,12.885194,16.9625
53.142836,8.212084,18.218599
48.8088,9.229745,15.55253623
53.924712,9.532635,16.472
50.979455,11.037924,14.08881354
49.233464,6.987601,16.275
52.393932,13.037474,18.84
51.475183,11.983415,18.335125
51.303772,13.009406,12.6775
49.270263,7.826521,9.7202246175
51.169967,6.458842,17.03325
52.15369,10.45591,13.8611495
53.896117,9.156908,53.075
53.835492,10.695936,12.981000000000002
53.56414,9.967882,17.0365
49.629528,8.35533,20.64623785
51.036105,13.730205,16.77
48.909518,11.879245,19.04
52.409309,12.548376,15.6
50.550028,9.684854,19.9465618125
49.446747,7.768869,16.942724705
51.448762,7.582295,15.44875
50.655861,12.205199,15.2686121425
50.653236,6.281069,3.89999999
50.754704,6.093923,12.5
51.536911,7.457463,15.5
52.409309,12.548376,18.0675
49.842136,7.866208,16.222075935
49.028711,8.3556,14.932065215
50.355581,7.596583,17.64709854
48.783801,9.179286,17.5347222225
52.17017,9.06255,14.1911
51.45346,6.865107,48.2
49.492548,8.471011,18.19444444
53.1177,8.69506,14.66
48.507319,9.050407,15.240036235
51.672809,6.629576,16.998
53.631805,11.398332,16.93
52.120905,11.632755,74.20174199
52.131742,11.631919,206.0799235
53.396348,12.463929,24.66
53.78175,12.175512,13.1
52.2703,8.04147,18.194349000000003
51.249211,6.732383,14.65
52.131187,11.631291,16.503446
52.023169,8.548389,17.025000000000002
51.75413,14.325549,17.7
51.75413,14.325549,19.2775
50.791616,11.661233,10.07253027
55.6942059493105,12.0888982729816,9.4
55.6743033303032,12.571113917497,13.5
56.1597834472854,10.1936326865463,33.36399999
55.7002810664676,12.5614121124285,13.562
56.1505584695037,10.2008419,14.0655
57.0466523886598,9.93087546594131,10.93
55.6743033303032,12.571113917497,17.7385
55.6942059493105,12.0888982729816,12.0465
55.6319829648528,12.4633160834027,17.049
58.370575002573,26.7347611706811,5.7
38.9792799994747,-1.85213,15.0
43.3674999994639,-4.04278,15.0
41.51559999999999,2.125,16.75
41.846599999999995,2.223,15.0
40.2479,-4.2752,16.0
39.8491699994716,-5.93972,9.4
42.3361099994653,-3.63611,15.0
41.4256209034672,2.222244805,26.19999999
37.3945199994816,-6.0031,24.0
39.4811111094728,-0.44722222,14.0
28.0263169995537,-15.414657,8.0
39.894999999999996,-0.08777777,21.0
42.85607,-2.6677900000000005,15.0
28.685982999547,-17.764587,7.0
28.4553749995493,-16.27675,14.0
37.9911111094788,-0.69,14.0
40.06861110999999,-0.20638888,23.5
39.57313,2.64646,18.0
40.1672199994705,-3.27667,16.0
28.4566599995493,-16.271836,11.0
42.9979,-7.5509,13.0
42.88779999999999,-8.5311,15.0
40.7349999994689,-0.16944444,9.0
42.7152777694647,-7.44944444,14.0
39.708055549472,-0.83194444,15.0
40.5461099994694,0.425,11.0
40.9466699994683,-0.29083,10.0
28.1450929995525,-16.523687,11.0
27.7725973595564,-15.54188043,5.0
36.5109999994861,-4.863,20.0
43.168319999999994,-2.63794,16.0
37.2815599994821,-6.83384,26.0
27.898329999555,-15.48833,10.0
43.3023,-8.506,15.0
28.090119999553,-17.1181,11.0
41.6455555494667,-4.73027777,13.0
38.43606139999999,-0.6380406,16.0
39.6776599994721,2.68665,9.0
42.8436111094645,-2.66138888,11.0
43.45389999999999,-7.8478,11.0
28.4581599995492,-16.278776,5.0
28.3372199995505,-16.39972,9.0
42.3361099994653,-3.63611,11.0
42.7036099994648,-4.82722,9.0
39.6341666594723,-0.26583333,13.0
38.0847222194784,-0.85277777,21.75
41.4038818504672,2.204522594,21.7
41.3987432504672,2.153385124,18.1
40.3419,-3.8336999999999994,11.0
43.306656999464,-5.689716,24.0
41.63465654499999,2.162349596,23.0
42.2102777694656,-8.73694444,18.0
43.3824999994639,-3.22056,10.0
42.0616,-7.4089,9.0
40.63389999999999,-4.01425,17.0
28.4617879995492,-16.27662,15.0
39.9305555494713,-0.60333333,11.0
43.5704499994637,-5.95828,12.0
43.5197,-8.150200000000002,16.0
43.048109999999994,-2.19138,13.0
28.1124859995528,-16.577577,11.0
28.0725499995532,-16.653023,17.0
28.3934079995499,-16.3581,13.0
36.4605899994864,-6.20307,11.0
37.9943499994788,-5.66687,12.0
42.8752,-3.2317,9.0
40.012777769471,-0.05722222,11.0
43.0119399994643,-4.13556,11.0
39.4780555494728,-0.36833333,24.0
40.909,-3.4679,8.0
39.427222219473,-0.78388888,8.0
43.3828,-8.4092,20.0
41.38742395799999,2.164918317,24.15
39.48111111,-0.40833333,18.0
39.5469399994726,-4.35056,8.25
42.17600000000001,-1.744,8.0
28.0036449995539,-15.411851,17.0
42.6347199994649,-7.70472,11.0
43.3726749994639,-5.872797,15.5
40.0519444394709,-0.18972222,11.0
43.5298619994638,-5.673498,17.0
28.6677119995471,-17.775553,6.0
43.4391699994639,-4.85,9.0
38.3511111094772,-0.51388888,7.0
40.42,-3.749167,14.0
28.5027617395488,-13.85369942,9.0
39.8752799994714,4.31639,8.0
42.34000000000001,-2.059,10.0
28.9678699995441,-13.555856,7.0
28.4621729995492,-16.261895,9.0
41.3853432834672,2.15382196,21.3
43.30268000000001,-2.9772400000000006,14.0
43.35419999999999,-8.4249,16.0
39.94166666,-0.10583333,20.0
43.4015009994639,-5.80287,17.0
41.6352799994667,-0.89361,15.0
38.887629999475,-7.01145,10.875
41.9161399994661,0.191101,19.75
43.4677799994639,-3.79028,12.0
39.5647222194725,-0.62555555,20.0
40.0622222194709,0.07277777,9.0
28.0298519995536,-15.416086,4.0
36.8413299994843,-2.44672,18.5
42.78139999999999,-6.6039,10.0
39.4802777694728,-0.33638888,16.0
41.2388899994676,-5.8975,8.0
42.219,-8.7421,17.0
28.4630099995492,-16.26488,6.0
41.2741699994675,-3.1425,6.0
28.1112659995528,-15.520924,11.0
28.0800069995531,-16.559855,10.0
41.4260771994671,2.147992032,17.65
28.6453959995473,-17.771554,8.0
41.3938899994672,0.73472,10.0
41.6561111094667,-4.73388888,13.0
38.4516666594768,-1.06472222,10.0
43.3828,-8.4092,18.23
39.4727799994728,-6.36028,8.754999999999999
27.897638999555,-15.445028,8.0
42.575277769465,-5.56638888,11.0
27.7636519995564,-15.563851,13.0
40.185241,-3.680265,16.0
39.705277769472,-0.33666666,9.0
42.3191699994654,3.31583,10.0
41.7793434514664,2.358018901,10.0
27.801277999556,-15.461157,8.0
28.4510219995493,-16.277692,14.0
40.44950000000001,-3.4776,12.0
40.0777799994708,-6.14722,8.37
28.4593139995492,-16.270206,15.0
39.5586111094725,-1.28138888,15.0
40.2694444394702,-0.07888888,15.0
28.38015999955,-16.36833,14.0
39.8236111094716,-0.24444444,11.0
42.352999999999994,-7.8779,18.0
41.7627799994664,-1.14333,17.0
40.4452777694697,-3.70638888,15.0
37.1960999994825,-3.61266,32.0
40.3980555494698,-3.68666666,16.0
40.490833329999994,-3.7211111100000003,15.0
28.0351199995536,-15.41631,11.0
39.0827799994743,-1.10111,8.0
41.1036778864679,1.200765062,17.725
36.9622999994837,-4.84483,11.0
28.5002549995488,-13.852395,9.0
28.5061599995488,-13.84898,15.0
28.38053699955,-16.371986,6.0
36.1362299994882,-5.45343,16.0
37.1934199994825,-1.9854,11.0
37.7825499994797,-3.78157,22.25
37.6030555494806,-0.97527777,14.89939
39.7822222194718,-0.35916666,12.0
41.6299999994667,-4.74055555,18.0
39.9452777694712,-0.05638888,10.0
43.5165879994638,-5.67065,13.0
38.6806499994758,-4.10832,17.0
38.9347222194748,-0.44138888,19.0
36.9967799994835,-1.89535,12.0
28.1337319995526,-15.432823,44.25
43.4054,-7.988599999999999,9.6
28.1337319995526,-15.432823,14.0
38.3402777694773,-0.50666666,16.0
40.3947222194698,-3.73194444,14.0
41.384906375,2.119573944,16.8
43.322,-1.9607,12.0
40.4216666594698,-3.68222222,17.0
41.3866389884672,2.057392493,14.0
28.4983799995488,-13.86083,8.0
40.5997,-3.5033,9.0
40.39861111,-3.63694444,13.0
42.425932,-8.643995,16.0
42.8072199994646,-1.65139,15.0
41.6205555494667,-4.74666666,12.0
40.175000000000004,-0.03444444,23.0
42.46399999999999,-2.4280000000000004,13.6
42.1361099994657,-0.40389,14.0
40.4397222194697,-3.69027777,14.0
37.2372199994823,-3.53417,13.0
43.2505555494641,-2.155,8.0
40.4658333294697,-3.68833333,14.0
28.0473319995535,-16.536049,15.0
43.481501,-8.243116,12.0
38.7880555494754,-0.69722222,10.0
28.1337319995526,-15.432823,26.0
38.4547222194768,-0.80333333,13.0
39.99583333,-0.065,18.0
38.2591666594776,-0.7175,19.0
28.3767129995501,-16.361928,8.0
39.4561111094729,-0.37583333,21.0
39.8680599994715,-4.02083,15.0
39.8922222194714,-0.065,11.0
27.8690699995553,-15.38715,9.0
42.44,-2.239,13.0
28.9903099995439,-13.51655,8.0
42.876,-8.5591,9.0
40.38333,0.70917,15.0
38.1379299994781,-4.90397,6.0
38.4727799994767,-6.92361,10.0
43.36709999999999,-8.420599,18.0
28.976989999544,-13.547584,5.0
42.34100000000001,-2.232,11.0
42.5805599994649,-1.2825,14.3
61.0574799995458,28.24585,8.0
61.4990999995502,23.80221,11.8395999975
61.5085399995503,23.67583,8.36549999
60.5300199995406,27.6754,6.4752492
60.5300199995406,27.6754,6.680150749999999
60.2899499995383,25.03953,7.17035175
60.1873899995373,24.9506,6.9510585
61.0557599995458,28.18431,8.0
61.5085399995503,23.67583,8.0
64.67869999958506,24.463899999999995,8.0
60.9912899995451,25.66579,6.0
60.1696399995371,24.93924,8.515625
60.2202399995376,24.81133,7.56640625
60.2239299995377,25.10244,8.943579
63.09350999956722,21.61267,6.0
63.09350999956722,21.61267,7.75
62.893599999565,27.66952,5.8
61.4990999995502,23.80221,7.0
65.0099699995891,25.47132,8.0
60.25128999953791,24.062800000000003,5.29150025
60.190339999537336,24.91573,12.03952
60.2239299995377,25.10244,3.02781199
46.3295859994638,-0.458889,16.67
49.90166999999999,2.304597,11.5
42.6955,2.90053,10.08
49.435953836447,2.0842890885198,8.25
48.8386033565984,2.41278502161662,26.7
47.3441490981312,0.653775897476505,10.07
49.224144731874,4.02055378452238,14.35
45.1583816929606,5.70376306498849,41.75
48.902477279391,2.45249954032755,10.2
48.7757726857746,2.37580138136942,39.63
47.31546,5.040202,19.0
49.9180174823908,1.07397185477625,6.0
49.42815,1.058025,9.25
45.422077,4.412831,13.5
49.4982939994699,0.758833,12.75
49.3583143914495,6.15694515952111,56.25
49.1194269655692,6.18083136292584,35.75
46.1958329994637,6.240556,33.0
43.89609999999999,-0.49140300000000003,25.75
43.6892619053736,7.24208307327896,62.25
48.69708,6.1541939999999995,18.25
49.0461163533504,3.95591101667714,13.8
46.5839094193576,0.34555583865754,14.5
46.671325047904,5.55680766765938,12.3
43.4797361162024,-1.48805926814399,28.0
49.9077785386149,4.62999782272758,5.73
43.3108061209975,-0.39111120334581,26.0
44.5086670422713,0.142503346781016,41.0
43.09499399999999,-0.052394,19.38
49.851338603768,3.28399813361426,7.75
43.587345000000006,1.444003,32.93
43.530285000000006,5.440912000000001,28.5
47.648889066211,-2.76389155041474,29.5
49.2595681690121,2.47440046695438,14.75
43.453582999999995,5.466672,37.5
43.835784999999994,5.786131,35.75
44.9003038561871,-0.514722081386508,23.5
46.1625559994637,-1.153603,13.0
47.5103033076458,6.79400340956015,36.53
43.60959999999999,3.8987800000000004,24.08
45.8310999994634,1.256875,12.7225
46.6567141985683,-0.743681087741755,10.25
45.3531859994632,4.804822,27.25
48.6450083458689,-0.458333034371758,0.25
46.78230999999999,4.847322,16.6
46.802376,4.417486,9.58
49.1874042196733,6.91086524487126,53.0
50.378240795397,3.06586023317151,11.15
43.7020570445023,7.28626221895196,145.75
43.4282193232058,3.6035558296341,42.63
44.5694309830826,5.27896773343405,6.25
43.628699999999995,0.179069,11.83
49.0658373075805,5.78555467160757,9.25
47.27476,4.099476,3.93
49.4896098924535,0.100702939980367,8.0
-21.3344236402583,55.4590212011017,14.25
50.5354044876555,2.63569297621804,7.33
43.5915522696866,3.88689345339823,17.7
50.3642606948305,3.52273440352186,6.68
48.386179999999996,-4.4866,19.75
50.9959649491633,2.36627025620491,2.75
44.5552221289565,6.07306047829002,38.0
48.6458392908865,4.96611146943374,41.0
45.986216999999996,4.719637,22.0
49.0202023170884,1.13871343730275,10.25
47.2641063324592,-2.24985757853587,22.0
47.2043914135194,-1.552827800129,12.5
48.6337298811595,1.83053298706171,6.93
45.6474392468374,0.167166592906518,11.0
46.9429682344805,2.00326104989222,11.15
44.5486285541342,6.06730227731882,53.0
48.8589975104964,2.35099889637488,12.45
47.8319337214448,-1.83632712064428,6.5
45.7757153069085,3.09625023923328,26.0
45.4752955881989,4.51500448320744,20.0
46.193673253211,6.21485954588829,36.625
47.7425,-3.39501,34.25
49.1002566324166,2.3438932224775,9.6
42.2360870106484,9.19003485112794,12.75
46.6526446514876,3.60066325441923,8.75
46.0722194476777,5.82083151281495,13.5
43.510802999999996,5.220046,35.0
42.6713433605323,9.43464610299369,14.5
43.834399999999995,4.3744000000000005,19.2
45.4200881308329,4.39542075258545,11.25
49.5146953797856,0.100645447802183,8.5
48.1086536280958,-1.66576399764851,12.75
46.81469299999999,2.6100690000000006,9.83
43.9335199525261,5.71170417210011,16.0
48.5280649624323,2.65361436613623,12.5
48.9908560535052,2.44472012996707,14.7
45.89525737885,6.11833556860965,35.5
48.9296919603475,2.29471944382479,9.43
47.2474002555546,6.01541558650808,14.53
47.2225142859138,-1.53750254138193,15.0
47.9710503785717,0.221422141121484,10.25
45.7577305095241,4.85421731764382,28.25
45.7972643576802,3.1138302693435,33.55
-21.2943375423482,55.6279044745161,3.0
48.3641401278483,2.23693980475023,9.4
14.607444000000003,-61.06978,6.75
43.558387999999994,7.005919,35.75
43.6757493538059,4.08842150423761,20.28
47.4685406598526,-0.556052669293563,14.75
44.05447399999999,4.697408,18.85
49.1922184284462,-0.391183068568539,9.0
50.947317025658,1.84308245158086,1.75
45.2636139994632,1.763889,12.85
47.30736999999999,5.065881000000001,13.38
48.5703749994675,7.766331,47.2
47.22202699999999,2.0730000000000004,15.43
14.601888999999996,-61.05758999999999,12.0
43.7047196490079,-1.03861416519331,33.0
45.9236343183621,6.71361317478429,22.25
47.9173751802827,1.96625944333933,14.38
49.15859999999999,3.912613,9.43
43.12458399999999,5.924399,19.5
44.9335095989709,4.89348267871268,31.5
49.8428234743806,3.28143793505452,7.0
46.1616394517055,-1.21120748073119,6.0
44.94894000000001,4.889749999999999,30.5
44.8005714966263,-0.588056049605605,29.25
49.442356,1.093789,5.75
49.1677902851312,5.38745727029717,34.0
47.787711631788,-0.444044431462552,11.25
48.3547092558406,2.64529596660528,8.3
43.27645,5.397359999999999,23.25
49.2507146918556,4.02306008416507,11.38
48.9252654190423,2.35666726581768,22.2
50.610484351663,1.99144820390604,2.73
47.800575,3.576189,14.13
49.4414447487293,1.08265856357369,10.0
43.305285999999995,5.394716,60.35
48.2949796949513,4.05027903727389,13.43
48.5848471999281,6.48389599032925,9.0
50.3585299553631,3.50803796547367,10.78
49.5001706998316,0.110903310031544,7.0
41.924656325342,8.73569392987881,13.75
45.7200501800957,4.81815894213926,36.5
53.80378,-1.546472,12.7
53.80489,-3.007175,10.3
51.638094,-2.678731,11.55
52.271886,-0.879898,7.13
55.001225,-7.329115,14.1
50.916932,-0.449548,13.4
51.48178,-3.17625,11.2
54.97825,-1.610528,12.4
51.5210467476039,-0.213492139585065,12.8
50.73957,-1.826744,7.9975
54.516667,-1.358547,13.55
53.967513,-1.086514,11.9
52.437165,-1.829999,10.6
50.908158,-1.395776,11.8
50.37167,-4.142361,12.7
51.601203,-2.977281,11.3
53.48152,-2.237881,12.9
53.951889,-1.075861,14.0
52.132417,-0.300306,13.8
52.512194,-1.830861,14.2
51.46603,0.184806,12.3
53.48481,-2.334139,12.5
53.76559,-2.680353,11.4
52.411563,-1.560228,12.7
51.632696,-3.947374,15.52
53.37287,-3.022722,8.7
52.614193,1.301976,13.9
53.378622,-1.478096,11.2
51.54421,-0.175269,15.3
51.45309,-0.944067,8.9
55.945589,-3.182186,7.6
53.34633,-2.844333,10.6
53.38928,-2.615358,11.1
57.15736,-2.094278,9.9
50.411463,-4.227678,11.3
53.74878,-0.341222,12.4
51.374264,0.54797,13.5
51.57107799947746,-1.3252830000000002,10.0
52.294884,-1.542911,13.6
51.5993,-0.068218,16.8
52.95473,-1.146447,13.9
54.88361,-1.406878,7.9
50.840836,-0.147572,9.96
53.819972,-1.576361,14.2
51.52253,-0.154611,19.885
57.481308,-4.241451,5.619999999999999
55.860936,-4.238214,10.1
50.805786140485,0.271609212739733,12.6
51.58395,-3.770822,12.0
51.744806,-1.260278,11.9
54.569297,-1.220874,12.0
51.52253,-0.154611,15.61
51.617327,-0.298775,12.8
50.82881,-1.068583,12.3
55.865782,-4.243631,7.7
52.511722,-1.830583,11.4
51.425286,-0.345606,11.7
51.5210467476039,-0.213492139585065,9.41
53.04222,-3.002778,8.8575
53.244131,-1.454946,9.5
54.59965,-5.928833,10.5
56.010319,-3.704399,10.8
53.02821,-2.175133,13.9
51.522287,-0.125848,12.8
51.48879,-0.441614,12.4
53.231722,-1.456944,12.0
51.462839,-2.584482,12.0
51.49467,-0.131931,10.0075
51.57107799947746,-1.3252830000000002,6.97
51.45617,0.634889,10.8
55.79216,-3.2429,3.83
52.28881,-1.533119,14.4
54.894834,-2.945307,12.25
53.54914,-2.638139,13.0
51.518167,0.439548,12.0
51.074793,-4.041924,11.2
52.619823,-1.127311,14.1
51.45258,0.070766,12.028
51.544206,0.678408,12.0655
36.1333169994882,-5.353175,17.0
37.9432869,23.64751053,25.0
37.988028,23.727628,27.0
38.14352417,23.75818253,6.0
38.06963348,23.77688599,19.0
37.99510574,23.81941795,13.0
37.9432869,23.64751053,26.0
43.5106527772416,16.4493416666667,14.0825
45.83437222222222,15.978394444444445,26.72075
42.6446972216871,18.1226111111111,10.1065
45.3207944439076,14.4835111111111,17.7
44.8993333327965,15.6097777777778,11.4
45.1594722216854,17.9951,46.5
46.1690555550192,15.6606388888889,19.7105
45.291202777241,13.7497777777778,11.0135
45.7148444091466,16.0682553185743,28.8
45.6980277772411,18.8346388888889,21.732
47.52277799946533,19.069722,20.815
47.6852798494656,17.63944435,24.0
47.6719474794656,16.8388958,34.0
53.187222,-6.121667,8.0
52.5034896,-8.5919355,14.325
53.353889,-6.278056,7.01999999
51.881944,-8.457133,7.4
53.39025,-6.305266,8.850000000000001
53.725556,-7.791389,9.09999999
53.703889,-9.012672,6.8
53.36817500000001,-6.227857,9.0
53.347222,-6.266667,5.4
64.138861,-21.873411,13.5
64.373583,-21.759139,3.9355
64.10495,-21.889,5.66725
45.17635,7.71158,43.0
45.30278678,9.49528589,33.275000750000004
45.438299999999984,8.6206,26.75
44.219167,12.048889,23.5
45.47833,9.23583,45.5
42.422058,12.109125,16.0
45.683333,9.466667,32.6249935
45.142222,10.045833,40.1750002475
44.11603,9.84394,17.89999999
43.10306,12.36611,27.0
39.3134,16.24517,17.095
43.883889,10.245,23.0
45.54083,10.22361,31.897444
44.095833,12.4025,25.75
44.6575,10.288889,19.0
44.80801,8.31031,25.5
45.890556,12.308056,28.25
44.989444,10.019167,33.0
44.825,11.649722,24.5
44.31305999999999,8.47729,21.5
45.626944,9.024167,35.9750005
45.55882,8.05639,19.0
40.831389,8.405278,11.1249999975
44.11080999999999,9.832109999999998,21.0
45.10407,7.69534,30.75
44.287089999999985,8.43169,16.6175
46.06611099999999,13.240556,22.71061999
40.710989999999995,14.70244,27.0
40.96139,17.28417,18.0
40.460555559999996,17.26333,18.3249999975
45.873889,10.1775,37.0
45.73583,7.32417,15.0
45.93034,8.56548,16.0
45.226667,11.665833,29.25
41.998056,14.993333,15.5
41.123333,16.873333,22.8249999925
44.2856,11.8734,28.0
46.16861,9.88028,28.249999995000003
41.929474,12.65848,23.0
45.657219999999995,13.772220000000003,19.86458
40.48806,18.05361,28.19999999
41.113611,16.888056,24.74999999
45.193889,9.164722,30.52499975
38.10495,15.63879,13.93
41.669171999999996,13.674326,18.0
43.52694,13.245,24.8
44.0311,10.13276,34.75
44.396389,8.992222,15.69999999
43.89333,12.91889,20.3
40.16805,18.17361,22.55
40.63416666999999,17.94777,22.6
43.91611,11.00694,31.0
42.74333299999999,12.666389000000002,33.0
42.55222,12.65167,32.0
45.760833,11.736667,26.0
42.572593,12.961982,13.0
40.48861,17.22583,19.5
45.1432,7.77818,45.75
45.73443999999999,7.30433,18.0
45.836944,12.510278,35.0
45.913056,9.496944,15.8499999975
45.4975,9.556389,35.1471839975
41.478889,14.033333000000002,14.0
43.47278,11.14194,17.0
45.160556,10.795556,35.449913
44.38324999999999,8.2838,21.79999999
46.05184,11.45389,26.0
42.45639,14.23472,25.0
41.639666,13.348913,31.75
45.69795956,9.40619194,39.0499989925
41.54666,15.44083,17.89999999
45.58111,9.27444,37.400002
41.89402,12.475368,22.0
41.947447,12.469588,25.0
43.08889,12.44194,20.0
44.375,8.298611,22.849999995
40.86368999999999,14.25451,17.1
43.46806,12.95222,14.4
46.61949,10.85907,19.0
38.66458,16.08024,18.604999995
40.83555,14.82459,35.1
44.662222,11.639444,23.25
43.840833,10.573889,35.0
42.736571999999995,11.87643,14.0
44.15,10.926111,9.0
43.273889,12.611667,14.0
39.203333,8.386111,20.47499999
42.90056,13.33667,7.7249999975
42.36417,13.38306,16.0
45.15464,7.65804,38.0
43.46111,11.88889,20.0
42.73972,12.73722,16.0
41.906358,12.447596,21.0
44.38175,7.5382,21.0
43.55472,10.32972,18.0
45.68944,8.45844,23.0
40.724444,8.576111,8.5
41.11574999999999,14.77998,70.09999999
41.107778,16.766111,20.59
40.99051999999999,14.42397,79.0
41.889444,12.266389,18.0
42.80472,12.56611,11.0
37.156119,15.190867000000003,15.649999995
45.80444,9.08361,32.59999799
39.07497,16.23145,23.3649999975
44.839722,11.961111,24.0
40.52110999999999,17.2536,14.19999999
40.91881999999998,14.78553,64.0
39.48963,16.3868,20.69999999
45.371944,11.841944,41.0
41.31667,16.28611,20.7749999975
42.404686999999996,12.857794,21.0
42.5175,14.14833,23.0
44.31537999999999,8.48542,14.7374999975
44.53944,10.79139,24.5
45.93693999999999,13.61639,15.037735
40.48944,18.04722,33.0
41.874783,12.34559,22.0
44.397262,8.206478,27.39999999
38.918288,16.57925,11.9
45.518333,9.591389,34.40740025
40.45889,18.11611,22.025
44.996944,11.070833,36.2499987475
45.07472,11.78333,35.0
43.317778,12.618611,19.0
45.438333,12.205556,41.0
45.96262,12.655940000000001,25.099999995
39.235833,9.115,18.26
40.95667,17.29028,19.1
43.63333,13.3875,24.19999999
43.786667,11.2875,20.0
44.79361,10.33167,27.0
45.305278,9.485556,28.149995
41.13145999999999,14.78938,28.1
42.737222,12.136667,16.0
45.29475,8.04339,29.0
43.59889,13.34194,20.69999999
43.133056,12.205833,19.0
42.56,12.65083,26.0
44.92784,11.17795,26.0
45.71317,8.28353,20.0
41.857778,12.568611,25.0
41.04592,14.37809,33.1
44.76335,9.05243,13.0
41.48846,13.830728,26.0
45.41083,10.69194,34.472954495
44.873056,10.663889,29.0
45.038333,9.669167,29.0
45.00276,7.83748,33.5
40.65083,17.94361,18.749999995000003
41.759443999999995,14.208888999999997,14.5
43.872778,11.091944,26.0
44.28333,11.87056,18.0
40.40444,18.02972,23.5399999925
45.515278,10.219444,40.6000005
43.358333,12.557222,19.0
39.066667,9.008889,14.8024999925
45.690278,9.643889,35.199998495
43.456944,12.245833,28.0
45.0249,7.6491,36.0
46.141389,12.216944,19.0
45.43301,11.030096000000002,48.0
46.062929999999994,11.1262,21.0
45.31891,8.40236,36.0
44.690833,10.664722,26.0
41.531405,12.946599999999998,19.0
45.560556,11.539722,38.0
42.84861,13.61944,16.8
40.64917,17.5125,20.1
45.499167,12.262222,35.0
38.95955,16.29517,17.28999999
39.18752,17.01034,19.26749999
40.36444,18.17306,16.424999992500002
40.97971,14.400999999999998,54.1
45.64389,9.61472,38.92500025
40.64583,17.96055,16.55
45.80517999999999,13.522050000000002,18.449999995
41.45389,15.54778,22.3
43.06694,12.46806,17.0
44.0625,12.553333,29.75
46.030833,11.905833,29.5
38.39092,16.23452,9.5474999925
45.4512,7.87804,34.0
40.35194,18.17667,21.89999999
44.052589999999995,8.20544,14.01
40.92430999999999,14.481330000000002,230.09999999
41.932891999999995,12.506947,20.0
42.46639,14.21306,28.0
45.6725,12.238611,37.5
43.932778,12.6275,19.0
43.10444,12.37472,18.0
45.89244,11.03941,21.0
42.77861,11.11917,14.0
45.816944,8.820278,28.5999999975
41.07795,14.331220000000002,26.39999999
44.42,12.225556,24.0
44.38240999999999,8.28068,21.5649999975
44.27253,8.438889,18.05
44.106667,9.857778,16.749999995
43.738889,10.401667,22.0
44.40492,8.96819,27.3249999975
42.53417,12.52194,25.0
38.22976,16.25518,16.57
45.849444,9.395833,20.5
46.43483,11.340140000000002,22.0
43.52,10.321667,14.0
45.66423,8.15981,14.0
42.551944,12.419722,18.0
41.995625999999994,12.726623000000002,22.5
41.63083,15.38667,18.39999999
44.526485,11.981381,23.0
45.46249999999999,10.912219999999998,34.0
43.3675,12.546944,12.0
44.741667,11.942222,25.0
44.48333,11.355,25.0
45.630278,12.591667,31.25
44.49972,11.32833,27.75
43.87472,11.10528,23.0
43.33556,13.67472,16.3
45.284722,9.864167,42.62500125
43.61167,13.50861,22.6
40.86368999999999,14.25451,104.2
44.516111,10.733889,28.0
44.65061,10.90633,29.75
45.132778,10.016667,38.914999995
44.40186,7.81463,23.0
43.71389,10.41056,44.0
38.39986,16.07022,22.5475
38.8705,16.66921,8.47
43.77306,11.27222,24.0
42.58194,12.62361,30.0
39.06808,17.11417,23.3549999925
44.9203,8.6232,34.0
45.469722,9.198056,41.325001
39.260556,9.136389,15.0
40.740399999999994,14.64345,75.29999999
44.71976,7.42622,36.0
40.256389,8.773056,9.01999999
42.95167,12.70778,23.0
41.77943999999999,14.10361,34.0
40.49444,17.23306,18.24999999
45.73162,13.48636,18.29999999
45.10167,8.90556,33.97342499
43.35278,12.57639,22.0
40.85419000000001,14.25133,21.3
45.04188,7.62593,37.0
41.484488,14.481163000000002,13.0
40.68389,14.76972,20.8
54.8836135894951,23.8358345,11.8225
54.8951279994952,23.986222,18.4775
55.6899999995005,21.17946,27.2075
49.6115699994703,6.11847,13.0
49.7222599994706,6.30533,12.1
49.7222599994706,6.30533,16.0
49.5976899994703,6.13759,14.825
49.50503999947,5.97694,13.45
49.5976899994703,6.13759,20.0
49.50503999947,5.97694,16.0
41.991999999466,21.423,55.85
35.8522911094898,14.53898621,15.0
35.8958358794896,14.48998642,19.5
35.8900179994896,14.434464,17.69999999
36.0670700094886,14.19715309,10.69999999
38.663611,-9.157778,17.3
38.635556,-8.690556,16.0
38.785,-9.347222,16.0
40.758610999999995,-8.567222,17.0
37.015,-7.926667,16.5
39.278333,-9.245556,10.0
37.871111,-8.723889,6.0
38.768889,-9.108056,15.0
32.649722,-16.918333,1.0
37.3125,-7.678611,9.0
32.807778,-16.886389,5.0
38.605,-28.631389,3.4
41.1475,-8.658889,7.0
39.3525,-8.466111,14.0
38.738889,-9.2075,14.0
38.748611,-9.148889,19.4
32.648889,-16.883056,10.0
37.954167,-8.838056,11.0
40.233056,-7.301944,8.0
38.02,-8.6975,11.0
39.923889,-8.891667,10.0
41.274167,-8.376111,12.0
38.615,-7.3975,17.0
41.371389,-7.790833,5.0
44.82112,20.459113,51.5
45.56109979286329,14.858067454800002,24.0
48.8963890094683,18.04139328,30.03025
48.8741645794682,21.83750343,26.409
48.9349999994684,22.27361,13.136
48.6911125194678,21.2863884,25.266
48.5836105294675,19.95168495,21.97975
48.371109009467,17.58501816,25.844
49.0669441194687,18.92194748,21.7215
48.5995579994675,18.842461,25.173
48.5580559994674,19.156667,20.72875
49.0791664094688,19.30252457,26.50475
48.5922203094675,21.17528534,26.85225
48.91565799946832,20.873901000000004,27.72
48.6311111494676,20.24028397,27.638
48.7330551094679,18.75639534,20.56
48.9308357194684,21.9136219,26.3475
47.9599999994661,17.860564,17.6505
48.8863906894683,21.68750191,23.8015
48.7262669994678,21.258836,32.2795
48.3094559994669,18.076831,32.305
48.782652999468,18.628081,19.062
48.6669464094677,18.53084755,29.059
48.2830499994668,18.14112,21.6855
48.6805572494677,17.36334419,18.27
48.9933319094685,21.26749992,28.106
49.152778629469,20.29111671,14.262
48.7350006094679,19.15499878,30.653
47.56038,-52.71147,10.0
47.50513,-52.79476,6.0
44.719799,-63.480754,7.0
46.14222,-60.17252,8.0
45.957318,-66.646719,7.0
45.308762,-66.008384,10.0
46.101578,-64.789661,8.0
45.086912,-67.074036,8.0
47.609693,-65.633509,8.0
49.93207,-97.11317,7.0
49.89799,-97.14653,7.0
49.83918,-99.9206,8.0
54.76852,-101.87747,6.0
52.13613,-106.66293,11.0
52.29867,-113.79352,9.0
50.04893,-110.68116,7.0
53.69874,-113.22285,8.0
56.73341,-111.39047,8.0
56.75139,-111.47662,7.0
56.969267,-111.40065,2.0
57.18941,-111.6405,8.0
57.1492,-111.6424,7.0
53.68238,-112.86812,6.0
53.37255,-114.76835,6.0
55.19634,-119.39682,6.0
58.70879,-111.17683,5.0
55.1766,-118.8078,8.0
53.220024,-114.984207,8.0
53.593771,-116.395822,5.0
55.1172,-118.7647,5.0
53.3016,-114.2211,5.0
53.633,-114.4199,5.0
55.402658,-118.280945,6.0
53.9147,-122.7419,12.0
53.857847,-122.761422,6.0
48.441942,-123.363165,8.0
49.862336,-119.477367,9.0
52.981686,-122.493227,11.0
52.96306,-122.45056,8.0
49.2008,-123.9939,6.0
54.783308,-127.177324,11.0
54.51828,-128.59778,2.0
52.14428,-122.150391,7.0
51.297497,-116.966853,7.0
49.49055,-117.295381,5.0
54.05389,-128.671436,6.0
50.260617,-119.270723,10.0
50.144285,-122.960402,5.0
54.398594,-126.646833,11.0
45.651722,-73.573896,10.0
45.641026,-73.499682,10.0
45.497859,-73.573035,17.0
45.502648,-73.663913,12.0
45.547463,-73.748317,11.0
45.52207,-73.4881,13.0
45.44298,-73.468631,11.0
45.426509,-73.928944,10.0
45.468297,-73.741185,11.0
45.539928,-73.540388,12.0
45.435987,-75.723429,9.0
46.821177,-71.220495,13.0
46.794873,-71.246387,11.0
45.41231,-71.8746,9.0
48.416374,-71.052412,10.0
45.120624,-74.2896,9.0
45.80942,-73.43473,11.0
45.29413,-73.34857,8.0
45.43433,-75.676,9.0
42.315778,-83.043667,12.0
42.292889,-83.073139,13.0
43.74792,-79.27406,11.0
43.781584,-79.41773,12.0
43.69875,-79.78092,11.0
43.709444,-79.5435,11.0
43.66417,-79.38722,10.0
43.25778,-79.86167,13.0
43.22942,-79.86278,12.0
46.53319,-84.30992,8.0
48.37939,-89.29017,8.0
42.98228,-82.40508,11.0
44.301833,-78.346386,9.0
45.017981,-74.735314,9.0
43.16006,-79.23475,11.0
43.13861,-80.29264,11.0
43.44383,-80.50381,11.0
43.48692,-79.70228,10.0
43.94594,-78.89492,10.0
43.551636,-80.264156,11.0
46.32323,-79.44928,7.0
44.31447,-81.54972,8.0
42.85685,-80.26964,10.0
43.314575,-79.802756,12.0
45.224278,-78.932944,7.0
43.333186,-81.742822,10.0
44.382314,-79.702431,10.0
44.04431,-79.48325,10.0
45.33786,-80.03817,8.0
42.67208,-81.16289,11.0
44.15053,-77.3955,9.0
44.89975,-75.18994,3.0
42.40369,-82.20831,11.0
53.50022,-113.526056,13.0
53.54823,-113.36811,12.0
53.54445,-113.49884,10.0
51.079222,-114.141828,11.0
49.71621,-112.8006,10.0
53.84369,-113.09922,1.5
49.279214,-122.970707,8.0
49.280893,-122.849291,8.0
49.21519,-122.985666,9.0
49.186265,-123.152422,7.0
49.36861,-123.276741,6.0
49.155848,-121.940279,8.0
49.24528,-122.70889,7.0
49.09561,-122.567104,9.0
49.369887,-121.49912,8.0
48.42369,-123.49432,8.0
45.60176,-73.541992,10.0
45.54271,-73.57176,11.0
45.593325,-73.637328,13.0
45.38287,-75.71387,9.0
44.219867,-76.521128,8.0
43.54697,-79.65869,11.0
43.610761,-79.52194,12.0
43.25744,-79.90775,13.0
46.491941,-81.003105,8.0
42.974461,-81.200858,10.0
45.996722,-77.441194,6.0
55.74719,-97.87353,4.0
50.955122,-113.969742,9.0
51.0309,-114.0091,9.0
57.26176,-111.037,6.0
51.94687,-114.69744,6.0
56.44928,-111.03722,5.0
49.301472,-123.020417,8.0
49.15833,-122.90167,8.0
49.132928,-122.694224,8.0
49.14139,-123.10833,8.0
49.323994,-123.083496,7.0
49.009869,-123.082017,6.0
49.238008,-121.762264,8.0
49.04258,-122.30982,8.0
49.021506,-122.326556,8.0
49.70516,-123.15133,5.0
54.5217,-128.6075,7.0
49.317698,-117.661527,14.0
49.14149,-122.311078,8.0
54.230731,-125.764354,9.0
56.244722,-120.856111,8.0
52.832459,-119.269821,13.0
48.921799,-125.541209,7.0
60.71972,-135.05875,6.0
48.92696,-55.65966,6.0
48.95224,-57.92207,7.0
47.098991,-55.198521,8.0
52.9518,-66.9156,5.0
46.233,-63.13667,6.0
46.47843,-63.98763,7.0
46.3864,-62.5828,5.0
44.64711,-63.57366,6.0
45.614161,-61.362356,8.0
45.07267,-64.84033,7.0
45.68167,-62.69664,8.0
45.252898,-66.080065,9.0
45.291218,-66.00305,8.0
45.2803,-66.0561,8.0
46.77417,-71.36972,10.0
48.234087,-78.982778,7.0
46.357175,-72.546187,11.0
46.042233,-72.659761,9.0
46.4416,-72.89241,9.0
45.715614,-72.840249,10.0
46.035,-74.48083,7.0
45.622378,-76.018046,8.0
45.722896,-73.376808,10.0
47.73333,-68.70722,5.0
48.80972,-72.73889,6.0
46.682373,-71.965903,8.0
46.84889,-70.45418,7.0
45.824861,-70.856025,8.0
45.905785,-71.948695,9.0
47.64722,-72.29056,6.0
45.365683,-72.265099,8.0
45.37333,-71.250167,6.0
46.76866,-75.432728,8.0
48.431648,-77.196674,6.0
46.3037,-72.060685,12.0
50.452701,-104.616009,11.0
53.201694,-105.75203,7.0
50.285833,-107.81689,10.0
53.486,-113.4646,9.0
51.04701,-114.07564,12.0
52.24095,-113.765439,13.0
53.76036,-112.88017,10.0
50.67477,-120.334016,11.0
49.700098,-123.154216,10.0
49.113011,-123.848997,11.0
49.261014,-124.806628,10.0
50.018425,-125.24844,10.0
54.029194,-128.70269,7.0
54.066909,-128.639131,7.0
53.973228,-128.650768,8.0
54.0194,-128.7042,4.0
49.031168,-118.439088,8.0
48.80255,-123.646402,10.0
48.784854,-123.715846,10.0
49.438848,-123.479185,8.0
48.874529,-123.653929,8.0
48.849649,-123.637031,11.0
54.016516,-124.005856,12.0
50.425418,-127.488513,12.0
49.682603,-124.996222,10.0
62.45207,-114.364,9.0
65.27926,-126.813057,5.0
68.35702,-133.714057,5.0
63.751619,-68.522433,6.0
60.00455,-111.893241,7.0
53.1325,-117.09111,3.0
53.427301,-117.544067,11.0
49.094406,-116.50505,6.0
49.886894,-124.558104,3.0
49.889299,-124.5624,3.0
54.691482,-127.054334,7.0
53.564411,-113.562583,10.0
54.414014,-110.232939,10.0
54.216473,-111.50264,9.0
43.93307,-59.90365,14.5
40.85121,26.63529,80.0
40.6572237456913,35.8379605214598,39.0
41.287469,36.329247,39.0
40.52935,28.78459,23.0
41.07318,28.25554,24.0
40.70058,29.50785,27.0
41.13075,30.00658,19.0
40.22337,28.87154,36.0
41.65914,26.53732,26.25
39.9720326584132,32.5851672096714,14.0
40.72597,29.79463,25.0
39.7472952016541,37.0131597456248,11.0
41.09233,28.97478,40.0
40.5465545433215,34.9672990445621,-1.0
40.40307,26.77063,19.0
41.02442,29.09973,31.0
41.31835,27.98018,29.0
39.9272745476216,32.8594112795431,8.0
40.79072,30.39692,41.0
39.7487205462114,37.0256551065215,11.0
42.38558578000001,21.08135033,28.88775
51.8911,4.48069,17.1
51.9778,4.12194,15.7
51.5935,4.82494,19.0479
51.932,4.22802,15.7
52.494,4.60199,19.7
52.3984,4.72858,15.4
51.8936,4.48753,16.1
50.888,5.9705,22.58325
52.334,4.77401,16.2
52.428,4.77348,15.7
53.2178,6.5789,14.8528
52.3597,4.86621,15.3
51.8674,4.35524,16.6
52.4893,4.64053,15.4
52.3813,4.84523,17.6
51.9385,4.43069,17.3
51.8694,4.58006,16.7
52.463,4.60184,17.8
52.2966,4.51082,12.379874999999998
51.9214,4.40139,16.5
52.358,4.8997,16.9
52.8037,5.05051,11.4312
51.9142,4.47992,86.2241
51.9105,4.3263,15.073475
52.2345,6.91949,16.1632
52.39,4.88781,19.7
52.2015,4.98744,16.051724999999998
53.3304,6.27681,13.63795
51.8382,5.85694,15.460225
51.5184,5.14845,16.3816
52.394,4.87016,15.1
52.0771,4.28919,476.514
53.2465,6.60894,15.1986
52.4744,4.6288,16.1
51.4074,5.39333,14.572975
52.2351,5.18155,15.8811
51.6031,4.78102,15.7628
52.4789,4.57934,18.2
52.105,5.12446,17.04135
52.448,4.81671,16.2
50.9003,5.98685,19.86235
51.9745,4.9233,15.6627
51.8414,5.85778,16.70465
52.1013,5.12818,17.971825
51.9271,4.46134,14.871
51.5405,5.85307,16.042624999999997
52.1116,5.70842,15.43065
36.819449,-119.71643300000001,21.0
61.205861,-149.8246,8.0
33.5531,-86.815,15.4
39.150478,-123.206528,11.0
33.362593,-117.09023,9.0
37.488316999999995,-120.836008,19.0
19.509778,-155.91341699999998,16.0
19.2039,-155.480183,9.0
20.780997,-156.446373,7.0
41.6967,-86.2147,14.9
39.702982,-75.86477099999999,13.0
39.114399,-77.106903,13.0
39.055302,-76.878304,14.0
39.297733,-76.604603,14.0
46.842181,-114.021499,11.6
46.842181,-114.021499,9.2
46.243621,-114.158889,9.3
47.803421,-104.485619,8.7
42.930521,-72.272332,11.0
43.629605,-72.309499,9.2
41.615237,-71.72,8.0
61.3267,-149.569707,8.0
37.743061,-122.169907,11.0
36.634225,-120.38233100000001,12.0
36.4878,-117.871,7.3
37.97231,-122.520004,12.0
39.41174,-123.35264,10.0
37.281853000000005,-120.43367099999999,16.0
37.765946,-122.39904399999999,21.25
35.02079,-120.56389,11.0
35.49158,-120.66803999999999,16.0
37.482934,-122.20336999999999,52.25
36.999571,-121.574684,10.0
21.307579999999998,-157.85542,9.5
21.303382,-157.871171,7.0
21.392834,-157.969131,7.0
45.181907,-113.890285,30.0
47.536389,-116.236667,16.0
41.094965,-85.101816,13.8
38.30703,-85.832974,14.3
41.606662,-87.30494300000001,14.5
39.7889,-86.2147,14.3
39.159372,-86.504747,10.5
41.6175,-87.1992,12.0
38.0133,-87.5772,15.2
39.485987,-87.401312,13.2
46.6588,-112.0131,11.6
47.012907,-114.224273,13.6
35.434767,-83.442133,10.1
35.856111,-78.574167,13.7
46.825425,-100.76821,4.725
41.0604,-81.9239,15.1
39.92002,-77.30968,13.4
40.814183,-79.56475,14.4
40.309722,-78.915,15.3
39.834461,-75.768242,15.7
40.246528000000005,-77.18675,16.4
40.246992,-76.846988,17.0
39.8356,-75.3725,14.5
42.14175,-80.038611,12.2
41.4428,-75.6231,13.5
40.6281,-75.3411,17.1
40.146667,-79.902222,14.8
40.445278,-80.420833,13.6
40.304694,-79.505667,12.3
43.74561,-101.941218,-1.125
43.54792,-96.700768,11.4
44.087397,-103.273777,12.2
42.751518,-96.707208,10.1
42.8698,-109.8708,6.0
33.483799,-112.142601,9.6
33.40314,-112.07526000000001,10.1
33.4265,-112.11821,10.8
38.20185,-120.680277,9.0
36.315670000000004,-119.643447,20.0
36.953256,-120.034203,17.0
36.694261,-121.623271,7.0
33.447866999999995,-117.088649,14.0
36.843425,-121.3621,6.0
37.950741,-121.268523,16.0
37.950741,-121.268523,16.0
37.793392,-121.247874,15.0
35.04676,-120.58777,13.0
34.427775,-119.69121799999999,12.0
34.942872,-120.435611,10.0
36.98332,-121.98822,4.25
37.642165,-120.994212,11.0
40.086944,-108.761389,10.0
19.117561,-155.778137,18.0
42.978248,-112.45581299999999,9.0
41.657154999999996,-85.968446,15.1
40.125703,-85.65218399999999,12.5
40.4316,-86.8525,12.9
41.169646,-85.629292,13.2
39.70595,-79.012,11.5
39.305021,-75.797317,12.0
39.564178000000005,-77.720244,14.0
42.323341,-83.068473,15.9
45.440295,-105.37028,2.7
46.002602,-112.50124699999999,11.5
41.133317,-95.956078,11.0
39.525082,-119.807716,10.0
48.64193,-102.4018,8.3
40.0845,-82.81552,12.4
41.063526,-81.468956,17.9
40.747796,-80.31644200000001,12.7
40.3833,-75.9686,15.4
40.535278000000005,-78.37083299999999,14.7
40.107201,-74.882202,14.5
40.811389,-77.877028,11.7
40.0467,-76.2833,15.1
41.215014000000004,-80.484779,14.8
41.083059999999996,-75.32328000000001,11.1
40.1122,-75.3092,8.2
40.170556,-80.26138900000001,12.4
39.9653,-76.6994,15.3
47.55975,-122.33826499999999,11.7
47.568236,-122.308628,8.3
47.386101,-122.230202,8.6
47.1864,-122.4517,9.3
48.2469,-121.6031,7.1
44.097074,-105.34316399999999,6.0
44.502675,-105.539763,2.5
61.59879599999999,-149.455255,9.0
33.56031,-112.06618999999999,8.0
33.574529999999996,-112.19193,8.3
33.503833,-112.095767,9.0
32.29515,-110.9823,7.0
37.687526,-121.784217,11.0
39.021221000000004,-122.281803,9.0
35.050551,-118.14729399999999,7.0
33.944713,-116.830074,14.0
35.25651,-120.6693,8.0
38.102507,-122.237976,12.0
38.921848,-77.013176,13.0
33.6878,-84.2905,16.0
21.949599,-159.36624,9.75
39.810833,-86.11444399999999,12.9
38.22876,-85.65451999999999,12.4
30.461981,-91.17921899999999,15.1
39.410191,-76.29694599999999,11.0
45.137679999999996,-93.207615,8.0
44.95366,-93.25820999999999,11.0
44.4438,-95.81789,7.0
43.996908000000005,-92.450366,9.0
44.95939,-93.03586999999999,9.0
44.95939,-93.03586999999999,9.0
45.549839,-94.13345,8.0
39.741661,-94.858576,13.3
37.199540999999996,-93.284874,11.6
38.542551,-90.263711,14.5
38.656428999999996,-90.198348,13.0
38.656479,-90.189868,13.8
48.363694,-114.189272,11.9
48.391545,-115.55330900000001,18.9
41.247486,-95.97314200000001,11.0
42.86183,-71.878626,9.0
42.862531,-71.38014,19.7
47.3132,-102.5273,7.3
40.3663,-80.6158,17.5
40.33733,-76.383446,15.2
41.841039,-71.36097,10.0
34.843899,-82.414597,12.6
32.820060999999995,-96.860117,12.0
31.765684999999998,-106.45522700000001,10.6
29.670025,-95.128508,13.1
47.8064,-122.3167,6.3
48.054315,-122.171529,8.9
46.598056,-120.49916699999999,10.8
33.41018,-111.86536000000001,8.0
33.411229999999996,-111.93471000000001,11.8
37.8148,-122.282402,13.0
37.9604,-122.35681100000001,12.0
36.78538,-119.77321,17.575000000000003
36.48187,-121.73333,8.0
36.209286,-121.126371,8.0
38.310942,-122.29618899999998,14.0
38.93568,-121.09958999999999,9.0
37.348496999999995,-121.894898,12.0
34.21017,-118.87051,12.0
34.40428,-118.80998,11.0
34.44806,-119.2313,9.0
34.25239,-119.14318,13.0
38.986672,-75.5568,10.1
38.23319,-85.81566,14.4
38.06091,-85.89804000000001,14.3
38.587525,-76.141006,11.0
46.49361,-84.364197,10.9
46.743657,-92.165998,7.0
45.028620000000004,-92.78336,10.0
45.02124,-92.77525,11.0
39.741661,-94.858576,12.2
38.75961,-94.57983,11.5
37.70097,-94.03474,10.0
39.303174,-94.377014,11.2
38.448671999999995,-90.395904,15.3
38.650329,-90.350313,13.7
36.141875,-115.078742,11.7
36.163962,-115.11393,12.7
36.191261,-115.122931,13.0
39.54092,-119.746764,10.0
35.01708,-106.65738999999999,8.0
36.307033,-79.467417,11.3
35.369214,-77.993893,19.4
41.492117,-81.678449,14.3
36.697189,-97.081278,10.6
34.885608000000005,-95.78441,10.2
40.304694,-79.505667,13.9
41.807469,-71.412968,11.0
41.49511,-71.423705,10.0
44.89965,-97.128802,8.9
47.43061,-120.34195,7.1
47.592675,-122.627397,6.3
48.054315,-122.171529,8.7
48.76278,-122.44028,8.5
42.766971999999996,-105.303528,4.0
31.3492,-109.539683,7.0
31.337204,-110.936722,10.0
37.936013,-122.026154,11.0
36.78538,-119.77321,16.5
38.683304,-121.164457,10.0
38.102507,-122.237976,13.0
34.27632,-118.68369,12.0
39.751184,-104.987625,8.2
39.57768,-75.6036,11.7
39.7394,-75.5581,13.1
38.6539,-75.6106,11.7
31.5776,-84.0998,14.0
42.013333,-111.80916,6.4
39.485987,-87.401312,12.1
44.089355,-70.214134,11.0
43.660248,-70.268967,10.4
44.377048,-68.260902,7.0
44.798859,-68.769676,10.0
46.851811,-95.846272,7.0
46.39674,-94.1303,8.0
44.738459999999996,-93.23725,9.0
44.965241999999996,-93.25475899999999,11.0
47.948622,-91.495574,7.0
47.523355,-92.536305,8.0
45.20916,-93.66920999999999,8.0
39.104686,-94.57079,10.7
39.047911,-94.450513,10.0
38.631057,-90.281144,12.8
36.048705,-115.052942,9.2
35.785665,-115.357087,6.9
36.357786,-115.36223400000002,3.6
38.897557,-119.73250700000001,11.0
39.1447,-119.7661,6.0
43.075371,-70.748017,9.9
35.1343,-106.5852,8.2
35.0631,-106.57878500000001,7.2
35.263165,-79.836636,10.2
48.15278,-103.63951,2.7750000000000004
35.320105,-97.484099,11.4
34.632999,-98.428802,9.7
35.614131,-97.475083,10.7
35.953708,-96.004975,12.0
36.204902000000004,-95.976537,10.8
39.944651,-75.16520600000001,15.1
39.991389,-75.080833,13.3
39.922867,-75.186921,14.2
39.960048,-75.142614,14.1
41.492707,-112.01886299999998,6.2
41.731111,-111.8375,9.2
40.736389,-111.872222,25.15
40.543309,-112.299618,11.3
40.253611,-111.66305600000001,7.8
40.3414,-111.7136,11.2
41.206321,-111.975524,11.2
48.520590000000006,-122.61428000000001,9.0
47.8064,-122.3167,7.7
44.097074,-105.34316399999999,1.5
43.081666999999996,-107.549444,4.0
33.396229999999996,-111.96798999999999,10.1
37.793624,-122.263376,12.0
41.047078,-123.675134,10.9
32.67618,-115.48307,15.0
32.67618,-115.48307,15.0
38.56844,-121.49311,15.0
34.44551,-119.8284,11.0
37.338135,-121.849783,11.0
37.06315,-122.083092,8.0
38.403765,-122.818294,9.0
34.27632,-118.68369,13.0
39.732144,-105.015313,12.5
39.063798,-108.561173,8.3
41.170833,-73.194722,13.0
41.550556,-73.043611,13.0
41.3536,-72.0789,6.0
30.262808,-81.606834,11.0
27.96565,-82.2304,12.7
19.509778,-155.91341699999998,13.0
39.237457,-85.891332,12.95
39.960884,-85.939546,11.7
40.481349,-86.109718,16.8
39.98826,-86.83096,17.0
47.3553,-68.3211,11.0
46.682299,-68.016195,7.0
44.5514,-70.5463,9.0
39.14313,-76.84611,13.0
41.685707,-71.169235,9.9
42.474641999999996,-70.970816,9.3
42.770837,-71.10229,8.6
42.211774,-71.11397,12.1
42.3295,-71.0826,12.0
42.263954999999996,-71.794322,9.5
47.878159,-95.029172,6.0
44.981393,-93.300703,7.0
44.052838,-91.64269200000001,7.0
40.816,-73.902,11.0
43.14618,-77.54817,9.8
43.05235,-76.05921,8.9
40.73614,-73.82153000000001,10.8
42.09142,-77.20978000000001,8.0
35.728889,-81.365556,13.2
35.8145,-80.2627,14.5
35.4325,-79.2887,14.4
46.8943,-103.37853,7.0
36.158414,-98.931973,8.4
33.880812,-97.275896,9.4
45.66408,-118.68909,8.0
40.043833,-76.1124,16.3
40.054171,-74.985166,14.0
41.6447,-76.9392,11.1
41.829495,-71.417457,13.0
44.52839,-72.86884,4.8
44.4762,-73.2106,8.2
43.608056,-72.982778,11.0
45.64336,-122.58737,10.8
47.597222,-122.319722,12.2
47.672501,-117.364899,10.6
44.8357,-108.38600000000001,8.0
42.529999,-108.720003,1.0
33.461729999999996,-112.12796000000002,14.9
32.877583,-111.752222,10.0
37.360701,-118.330835,8.3
38.683304,-121.164457,8.0
34.030833,-117.61721999999999,22.2
35.494556,-120.666203,7.0
34.63782,-120.4575,10.0
39.77949,-105.00518000000001,8.9
39.7861,-104.9886,19.1
40.571259,-105.079765,10.6
41.784721999999995,-72.63166700000001,12.0
38.894749,-76.953427,14.0
27.95555,-82.46714,13.5
19.420506,-155.287853,15.0
20.869626999999998,-156.493626,7.0
40.05278,-88.37250999999999,12.1
42.3631,-71.0542,9.0
42.325197,-71.056056,11.0
46.713694,-92.511722,8.0
44.706123,-93.285803,9.0
44.946341,-93.277353,15.0
44.971539,-93.082984,14.0
46.77107,-92.11731999999999,9.0
37.256136,-93.299886,10.7
45.7804,-108.51154199999999,9.4
40.85355,-73.9661,15.3
32.003712,-106.59971499999999,8.0
31.796218,-106.584434,12.0
35.041416,-78.953112,5.0
36.032955,-78.904037,14.325
36.109006,-79.802314,11.0
35.551868,-80.395039,13.8
36.221944,-81.66305600000001,8.4
39.2787,-84.36625,13.3
39.12886,-84.50404,11.7
39.818715,-75.413973,13.8
39.988842,-75.207205,13.0
34.051017,-81.15495,11.8
44.348604,-96.807299,8.3
40.902967,-111.88446699999999,7.5
40.294178,-110.009732,6.0
40.736389,-111.872222,7.9
40.46471,-109.561472,6.4
37.179125,-113.30509599999999,5.9
42.88759,-73.24984,8.9
37.59088,-77.46925,13.9
45.64336,-122.58737,10.0
46.9936,-120.545,7.0
47.672501,-117.364899,14.0
46.598056,-120.49916699999999,17.0
43.42542,-105.388566,6.0
42.059,-104.1675,13.0
43.84989,-104.20432,7.6
-23.69867109,-46.54623219,23.3924317932
-23.50154736,-46.42073684,27.4606808007
-23.77626598,-46.69696108,26.4436185489
-23.56145989,-46.70201651,24.4094940451
-22.70122234,-47.64965269,18.3071205338
-22.94672842,-47.11928086,25.426556297
-23.51870583,-46.74332004,29.4948053045
-23.59184199,-46.6606875,26.4436185489
-23.44011701,-46.40994877,24.4094940451
-23.98129516,-46.30050959,23.3924317932
-23.56634178,-46.73741428,16.2729960301
-23.61632008,-46.66346553,25.426556297
4.658467,-74.083967,23.6
4.651,-74.061,36.5
4.761,-74.093,27.8
4.595617,-74.148583,38.2
4.691,-74.082,22.3
4.71,-74.03,16.0
4.626,-74.067,18.5
4.784,-74.044,19.0
4.573,-74.084,11.5
47.0673852211321,8.46333371888661,6.55
47.7666664124,16.7666664124,18.6
46.65,-0.75,13.0
44.5694309830826,5.27896773343405,8.0
52.3,4.5,12.39
60.53002,27.66754,6.609
47.914722,7.908611,10.4875
53.166667,13.033333,12.621
47.266667,4.083333,12.0
51.974444,4.923611,15.66
46.81469299999999,2.6100690000000006,14.0
41.3938899994672,0.73472,10.0
46.9666978072949,19.5500355282931,22.0355
48.633333,-0.45,10.0
39.8752799994714,4.31639,8.0
51.541111,5.853611,16.0475
56.02805699950281,13.150005000000002,5.025
47.8319337214448,-1.83632712064428,12.0
42.3191699994654,3.31583,10.0
53.32668999999999,-9.904444,7.965
53.333889,6.277222,13.635000000000002
59.4944375368663,25.9305893283373,6.31
38.4727799994767,-6.92361,10.0
49.9,4.633333,18.0
46.8130974472165,6.94448020280301,12.1
37.2372199994823,-3.53417,13.0
43.616667,0.183333,12.0
58.80610699952473,17.38805,7.0
41.2388899994676,-5.8975,8.0
59.779167,21.377222,6.47375
39.5469399994726,-4.35056,8.25
58.3761100795211,21.84501266,5.25
41.2741699994675,-3.1425,6.0
39.0827799994743,-1.10111,8.0
40.3358,18.1245,20.65
35.03802199999999,33.057789,12.2
45.8,8.633333,23.635
50.65,10.766667,10.6255
43.4391699994639,-4.85,9.0
42.6347199994649,-7.70472,11.0
52.802222,10.759444,14.686
51.939783,15.518861,22.925
53.380975,14.663347,18.08
50.45362099947307,20.715639999999997,26.62
54.117877999490446,22.934608,17.875
51.050611,21.084175,28.255000000000003
50.020169,21.004167,32.0
52.92628299948387,14.862809000000002,23.6775
53.71211399948811,16.692517,17.58
50.010575,19.949189,43.0
53.69246899948801,19.969777999999998,22.07
53.028647,18.666103,23.77686125
51.31763,15.431719,18.0
51.10345599947553,17.059225,27.225
50.069308,20.053492,39.767675
52.172145,22.282001,31.311572
51.399084,21.147474,35.889448
49.96901699947141,20.439511,40.0
50.676856,17.950278,27.0
50.429014,21.277367,113.2
49.293564,19.960083,124.3
52.029194,23.149389,33.0
51.856692,19.421231,26.0
51.13094999947565,23.514603,33.0
54.39863899949213,18.614333,18.0
51.642656,15.127808,22.2
53.49183099948688,18.752589,38.9864795
54.167847,19.410942,19.155
52.550938,19.709791,28.781473
51.775411,19.4509,59.0
53.15145199948505,18.132062,21.0
50.97218099947502,18.207575,26.75
51.129378,17.02925,28.25645
52.191728,20.837489,37.825
52.407578,20.955928,38.02181075
54.124819,22.038056,15.9725
53.380975,14.663347,76.85389999
50.716628,23.290247,30.0
54.380279,18.620274,15.688825
49.690169,21.7497,28.3
49.921874999471264,18.471277999999998,42.5
51.748103,18.04931,87.12359999
52.053811,20.429892,37.5712255
49.619281,20.714403,49.0
51.41532399947682,21.171285,31.54
52.219298,21.004724,31.8611
49.744886,21.454617,28.9
50.159406,19.477464,32.0
54.463611,17.046722,17.0
51.27307799947623,22.551675,27.0
52.66472099948255,19.036385999999997,24.4
52.160772,21.033819,26.49
51.259431,22.569133,33.7106
49.8063889994709,19.023194000000004,32.9
53.126689,23.155869,25.0
53.129306,23.181744,25.829296
52.556279,19.687672,28.66
52.290864,21.042458,68.33499999
54.120694,17.975861,28.0
53.134088,17.995712,62.2
50.349608,18.236575,31.96815
50.264611,18.975028,32.4
51.748103,18.04931,34.43
51.939783,15.518861,57.3479
50.872548999474624,20.604998,87.09999999
53.662136,17.933986,22.5
53.432169,14.5539,23.032525
50.89437399947471,20.657988000000003,30.03
51.404406,19.696956,41.5
50.768729,16.269677,22.525
54.20715099949098,16.193236000000002,17.24
53.789233,20.486075,21.475
50.710889,19.458797,51.62069999
50.444735999473046,18.829639,36.925
50.710889,19.458797,22.1
50.80191799947436,19.106961000000002,28.975
52.73952799948291,23.586139,31.0
51.150391,15.008175,23.6
52.747043999482955,15.246294000000002,19.4
51.086225,17.012689,35.55945
50.057678,19.926189,54.3978
49.784339,22.756239,31.75415
50.279481,18.655736,37.05
50.264611,18.975028,133.811
50.024242,22.010575,26.1
50.300760999472544,21.434331000000004,32.130849999999995
52.398175,16.959519,30.605
53.181394,22.054381,37.173715
51.75805,19.529786,27.075000000000003
52.290864,21.042458,29.58
50.279481,18.655736,92.8687
52.160772,21.033819,59.31080853
53.789233,20.486075,40.26539199
50.246795,19.019469,41.425
50.872548999474624,20.604998,31.93
51.77641699947838,19.452935999999998,41.325
50.808304999474394,20.271141,41.6
50.010575,19.949189,281.38
51.75805,19.529786,50.0
53.121774,17.987883,26.7
51.884922,17.791106,43.925
52.398175,16.959519,55.93509999
51.204503,16.180513,29.7
50.913433,15.765608,20.88715
50.529892,22.112467,27.275
50.02868099947161,18.691222,32.0
52.22515699948042,21.014802999999997,81.23999999
53.08373599948468,21.579322,26.67
56.5102,27.3334,23.9
56.95484699950962,24.104756,19.625
57.40399699951309,21.590316999999995,15.1
56.16234999950378,21.173330999999997,13.8
56.523174999506395,21.0047,22.675
60.361135,5.23686,8.480668054999999
60.39221999953927,5.32783,8.3
60.79089,10.6967,8.9396072225
59.91126,10.70398,10.4
59.94103,10.79803,8.13952794
59.90571999953465,10.489569999999997,9.1
63.43303999957099,10.410880000000002,9.4594043
60.37288,11.07407,3.4695
61.12087,10.46563,7.8
59.1593,9.63573,9.5
60.37408,5.34042,9.5
62.78246,8.87658,1.91
59.955477,11.073983,18.56805555
58.96165,5.7314,9.0
63.43038,10.39355,5.5
60.462665,5.332447,5.58840277
59.89864,10.8149,9.8
63.35761,10.37174,8.585926964999999
59.1292,9.64217,8.3
58.96422,5.72786,12.3
59.9325,10.66987,10.77469741
59.27377544,11.08919017,14.9
59.9325,10.66987,10.3599209175
61.11295,10.46487,9.0
59.9193,10.69651,11.0
59.92305,10.76574,12.0
60.79646,11.09777,8.93419311
59.21028,10.94535,11.7
59.90608,10.61195,11.1
69.65625,18.96372,7.4
59.433471,10.66176236,12.6
58.38846,8.2519,3.035
59.93231,10.72455,10.906884745
59.92769,10.84655,17.0
45.7851142894634,24.15346909,15.51
45.65222199946332,25.58305500000001,20.94499999
44.44727499946322,26.036694000000004,16.3499999925
44.3191642794633,23.79667664,23.26
44.64903299946316,26.144475,23.0
45.0827299994632,24.36979,20.249999995000003
47.150949999464764,27.581919000000003,27.15499999
44.9392013494632,26.02590179,18.89999999
46.19046399946367,21.302533,24.19999999
43.96341699946345,26.036933,16.0
46.7750015294643,23.59667778,22.66
45.754730999463376,21.234886,14.2825
63.8208009995754,20.289301000000005,5.9
56.6720579995075,12.86338,18.89999999
59.42370099953022,17.928868,5.80000019
59.316006999529236,18.057807,6.0
59.316006999529236,18.057807,17.3
55.6063899994999,13.00196,12.85
58.80610699952473,17.38805,8.19999999
59.4101769995301,17.957651,6.0
60.48454799954014,15.433911,6.0
59.4435349995304,17.922358,6.40000008
59.34611099952952,18.090834,4.751499884999999
59.83238199953396,18.631314,5.0
59.4435349995304,17.922358,19.3
55.6335979995001,13.0788,19.0
55.6335979995001,13.0788,9.588999745
56.02805699950281,13.150005000000002,15.19999999
59.86011299953422,17.635657999999996,5.5999999
59.86011299953422,17.635657999999996,8.4
57.709019999515526,11.970241,10.3875002825
57.709019999515526,11.970241,56.53
55.58474699949976,13.00623,110.48999999
59.3408,18.0583,6.80000019
59.3254999995293,18.0044,7.19999979
63.845496999575694,15.31973,2.702749955
59.85953006,17.64248414,6.0999999
59.3172,18.0489,15.19999999
55.869658999501716,12.829702000000003,9.24199962
59.34611099952952,18.090834,6.2
59.48899899953082,17.919923000000004,6.19999979
57.69785799951545,11.960547,52.13644201
59.61143099953191,16.553868000000005,5.90000008
67.16789399961638,20.691981000000002,6.50999999
57.69785799951545,11.960547,10.8002500525
63.8208009995754,20.289301000000005,4.60175001
56.6720579995075,12.86338,9.15000009
55.58474699949976,13.00623,13.99
59.3172,18.0489,6.6999998
